语种	键	英文	译文	语境	来源
en	localeSwitcher.fallbackToast	This title isn't available in {locale} yet. Switched to the {locale} homepage.	This title isn't available in {locale} yet. Switched to the {locale} homepage.	语言切换器提示（书页专用：小说详情页、章节页）：用户在书的详情页或章节页切换语种，目标语种没有对应内容时弹出，随后跳到目标语种首页。{locale} 由代码替换为目标语种的本语自称（如 한국어、Français），整句出现两次，必须保留两处占位符。逐字照搬短剧站原文，一个字不改。 英文原文（源语言）。	CPS 原文（v8.5.1 src/messages/en.json:136）
en	localeSwitcher.fallbackToastPage	This page isn't available in {locale} yet. Switched to the {locale} homepage.	This page isn't available in {locale} yet. Switched to the {locale} homepage.	语言切换器提示（非书页：分类页、博客文章页、404 页、未登记路径）：用户在这些页面切换语种，目标语种没有对应页面时弹出，随后跳到目标语种首页。{locale} 由代码替换为目标语种的本语自称（如 한국어、Français），整句出现两次，必须保留两处占位符；两句话，与书页那句同一句式，只把“书/作品/剧目”换成“页面”；不得出现“本站/原平台/预览/试读”的意思。 英文原文（源语言）。	新键（Owner 定稿英文原文；CPS 无此场景）
ar	localeSwitcher.fallbackToast	This title isn't available in {locale} yet. Switched to the {locale} homepage.	هذا العنوان غير متاح بعد باللغة {locale}. تم نقلك إلى الصفحة الرئيسية باللغة {locale}.	语言切换器提示（书页专用：小说详情页、章节页）：用户在书的详情页或章节页切换语种，目标语种没有对应内容时弹出，随后跳到目标语种首页。{locale} 由代码替换为目标语种的本语自称（如 한국어、Français），整句出现两次，必须保留两处占位符。逐字照搬短剧站原文，一个字不改。 CPS 原文里“العنوان”= 标题/作品。	CPS 原文（v8.5.1 src/messages/ar.json:136）
ar	localeSwitcher.fallbackToastPage	This page isn't available in {locale} yet. Switched to the {locale} homepage.	هذه الصفحة غير متاحة بعد باللغة {locale}. تم نقلك إلى الصفحة الرئيسية باللغة {locale}.	语言切换器提示（非书页：分类页、博客文章页、404 页、未登记路径）：用户在这些页面切换语种，目标语种没有对应页面时弹出，随后跳到目标语种首页。{locale} 由代码替换为目标语种的本语自称（如 한국어、Français），整句出现两次，必须保留两处占位符；两句话，与书页那句同一句式，只把“书/作品/剧目”换成“页面”；不得出现“本站/原平台/预览/试读”的意思。 “الصفحة”= 页面，其余句式与 CPS 原文一致。	新译
cs	localeSwitcher.fallbackToast	This title isn't available in {locale} yet. Switched to the {locale} homepage.	Tento titul zatím není dostupný v jazyce „{locale}“. Zobrazena domovská stránka v jazyce „{locale}“.	语言切换器提示（书页专用：小说详情页、章节页）：用户在书的详情页或章节页切换语种，目标语种没有对应内容时弹出，随后跳到目标语种首页。{locale} 由代码替换为目标语种的本语自称（如 한국어、Français），整句出现两次，必须保留两处占位符。 与非书页句同一种写法：主语用“Tento titul”（此标题/作品），语种自称放进引号“„{locale}“”（捷克语无法给语种自称变格），第二句改为“Zobrazena domovská stránka v jazyce „{locale}“”（已显示首页）。引号字符与本语种 fallbackToastPage 逐字节一致（U+201E / U+201C）。第三方验收（GPT，2026-09-30）+ Owner 拍板。	CPS 原文（v8.5.1 src/messages/cs.json:136）语法修订：第三方验收（GPT，2026-09-30）+ Owner 拍板，书页句改成与非书页句同一种语法写法（引号包住语种自称）
cs	localeSwitcher.fallbackToastPage	This page isn't available in {locale} yet. Switched to the {locale} homepage.	Tato stránka zatím není dostupná v jazyce „{locale}“. Zobrazena domovská stránka v jazyce „{locale}“.	语言切换器提示（非书页：分类页、博客文章页、404 页、未登记路径）：用户在这些页面切换语种，目标语种没有对应页面时弹出，随后跳到目标语种首页。{locale} 由代码替换为目标语种的本语自称（如 한국어、Français），整句出现两次，必须保留两处占位符；两句话，与书页那句同一句式，只把“书/作品/剧目”换成“页面”；不得出现“本站/原平台/预览/试读”的意思。 捷克语名词变格问题：本语自称直接放在“v jazyce”后语法不通，故整体放进引号（比 CPS 句式稳）；“stránka”= 页面，“Zobrazena domovská stránka”= 已显示首页。	新译
de	localeSwitcher.fallbackToast	This title isn't available in {locale} yet. Switched to the {locale} homepage.	Dieser Titel ist noch nicht auf {locale} verfügbar. Du wurdest zur {locale}-Startseite weitergeleitet.	语言切换器提示（书页专用：小说详情页、章节页）：用户在书的详情页或章节页切换语种，目标语种没有对应内容时弹出，随后跳到目标语种首页。{locale} 由代码替换为目标语种的本语自称（如 한국어、Français），整句出现两次，必须保留两处占位符。逐字照搬短剧站原文，一个字不改。 CPS 原文里“Titel”= 标题/作品。	CPS 原文（v8.5.1 src/messages/de.json:136）
de	localeSwitcher.fallbackToastPage	This page isn't available in {locale} yet. Switched to the {locale} homepage.	Diese Seite ist noch nicht auf {locale} verfügbar. Du wurdest zur {locale}-Startseite weitergeleitet.	语言切换器提示（非书页：分类页、博客文章页、404 页、未登记路径）：用户在这些页面切换语种，目标语种没有对应页面时弹出，随后跳到目标语种首页。{locale} 由代码替换为目标语种的本语自称（如 한국어、Français），整句出现两次，必须保留两处占位符；两句话，与书页那句同一句式，只把“书/作品/剧目”换成“页面”；不得出现“本站/原平台/预览/试读”的意思。 “Seite”= 页面；Du 口吻与本语种目录 errorPage.body 一致。	新译
es	localeSwitcher.fallbackToast	This title isn't available in {locale} yet. Switched to the {locale} homepage.	Este título aún no está disponible en {locale}. Te llevamos a la página principal en {locale}.	语言切换器提示（书页专用：小说详情页、章节页）：用户在书的详情页或章节页切换语种，目标语种没有对应内容时弹出，随后跳到目标语种首页。{locale} 由代码替换为目标语种的本语自称（如 한국어、Français），整句出现两次，必须保留两处占位符。逐字照搬短剧站原文，一个字不改。 CPS 原文里“título”= 标题/作品。	CPS 原文（v8.5.1 src/messages/es.json:136）
es	localeSwitcher.fallbackToastPage	This page isn't available in {locale} yet. Switched to the {locale} homepage.	Esta página aún no está disponible en {locale}. Te llevamos a la página principal en {locale}.	语言切换器提示（非书页：分类页、博客文章页、404 页、未登记路径）：用户在这些页面切换语种，目标语种没有对应页面时弹出，随后跳到目标语种首页。{locale} 由代码替换为目标语种的本语自称（如 한국어、Français），整句出现两次，必须保留两处占位符；两句话，与书页那句同一句式，只把“书/作品/剧目”换成“页面”；不得出现“本站/原平台/预览/试读”的意思。 “página”= 页面；tú 口吻与本语种目录 errorPage.body 一致。	新译
fr	localeSwitcher.fallbackToast	This title isn't available in {locale} yet. Switched to the {locale} homepage.	Ce titre n'est pas encore disponible en {locale}. Passage à la page d'accueil en {locale}.	语言切换器提示（书页专用：小说详情页、章节页）：用户在书的详情页或章节页切换语种，目标语种没有对应内容时弹出，随后跳到目标语种首页。{locale} 由代码替换为目标语种的本语自称（如 한국어、Français），整句出现两次，必须保留两处占位符。 与非书页句同一种写法：主语用“Ce titre”（标题/作品），末尾补介词“en”→“page d'accueil en {locale}”（CPS 原文是“page d'accueil {locale}”，语种名前缺介词）；撇号后不是花括号，不会吞占位符。第三方验收（GPT，2026-09-30）+ Owner 拍板。	CPS 原文（v8.5.1 src/messages/fr.json:136）语法修订：第三方验收（GPT，2026-09-30）+ Owner 拍板，书页句改成与非书页句同一种语法写法（补介词“en”）
fr	localeSwitcher.fallbackToastPage	This page isn't available in {locale} yet. Switched to the {locale} homepage.	Cette page n'est pas encore disponible en {locale}. Passage à la page d'accueil en {locale}.	语言切换器提示（非书页：分类页、博客文章页、404 页、未登记路径）：用户在这些页面切换语种，目标语种没有对应页面时弹出，随后跳到目标语种首页。{locale} 由代码替换为目标语种的本语自称（如 한국어、Français），整句出现两次，必须保留两处占位符；两句话，与书页那句同一句式，只把“书/作品/剧目”换成“页面”；不得出现“本站/原平台/预览/试读”的意思。 “page”= 页面；末尾补介词“en”→“page d'accueil en {locale}”（原为“page d'accueil {locale}”，语种名前缺介词）。第三方验收（GPT，2026-09-30）+ Owner 拍板。	新译；第三方验收（GPT，2026-09-30）+ Owner 拍板修订（补介词“en”）
id	localeSwitcher.fallbackToast	This title isn't available in {locale} yet. Switched to the {locale} homepage.	Judul ini belum tersedia dalam {locale}. Dialihkan ke beranda {locale}.	语言切换器提示（书页专用：小说详情页、章节页）：用户在书的详情页或章节页切换语种，目标语种没有对应内容时弹出，随后跳到目标语种首页。{locale} 由代码替换为目标语种的本语自称（如 한국어、Français），整句出现两次，必须保留两处占位符。逐字照搬短剧站原文，一个字不改。 CPS 原文里“Judul”= 标题/作品。	CPS 原文（v8.5.1 src/messages/id.json:136）
id	localeSwitcher.fallbackToastPage	This page isn't available in {locale} yet. Switched to the {locale} homepage.	Halaman ini belum tersedia dalam {locale}. Dialihkan ke beranda {locale}.	语言切换器提示（非书页：分类页、博客文章页、404 页、未登记路径）：用户在这些页面切换语种，目标语种没有对应页面时弹出，随后跳到目标语种首页。{locale} 由代码替换为目标语种的本语自称（如 한국어、Français），整句出现两次，必须保留两处占位符；两句话，与书页那句同一句式，只把“书/作品/剧目”换成“页面”；不得出现“本站/原平台/预览/试读”的意思。 “Halaman”= 页面，其余句式与 CPS 原文一致。	新译
ja	localeSwitcher.fallbackToast	This title isn't available in {locale} yet. Switched to the {locale} homepage.	この作品はまだ{locale}で利用できません。{locale}のホームに移動しました。	语言切换器提示（书页专用：小说详情页、章节页）：用户在书的详情页或章节页切换语种，目标语种没有对应内容时弹出，随后跳到目标语种首页。{locale} 由代码替换为目标语种的本语自称（如 한국어、Français），整句出现两次，必须保留两处占位符。逐字照搬短剧站原文，一个字不改。 CPS 原文里“作品”。	CPS 原文（v8.5.1 src/messages/ja.json:136）
ja	localeSwitcher.fallbackToastPage	This page isn't available in {locale} yet. Switched to the {locale} homepage.	このページはまだ{locale}で利用できません。{locale}のホームに移動しました。	语言切换器提示（非书页：分类页、博客文章页、404 页、未登记路径）：用户在这些页面切换语种，目标语种没有对应页面时弹出，随后跳到目标语种首页。{locale} 由代码替换为目标语种的本语自称（如 한국어、Français），整句出现两次，必须保留两处占位符；两句话，与书页那句同一句式，只把“书/作品/剧目”换成“页面”；不得出现“本站/原平台/预览/试读”的意思。 “ページ”= 页面，其余句式与 CPS 原文一致；两句以“。”结尾。	新译
ko	localeSwitcher.fallbackToast	This title isn't available in {locale} yet. Switched to the {locale} homepage.	이 작품은 아직 {locale} 버전으로 제공되지 않습니다. {locale} 홈으로 이동했습니다.	语言切换器提示（书页专用：小说详情页、章节页）：用户在书的详情页或章节页切换语种，目标语种没有对应内容时弹出，随后跳到目标语种首页。{locale} 由代码替换为目标语种的本语自称（如 한국어、Français），整句出现两次，必须保留两处占位符。 与非书页句同一种写法：主语用“이 작품”（这部作品），“{locale}로”改为“{locale} 버전으로”（CPS 原文助词“로”写死，遇到需要“으로”的语种自称不合语法；“버전”是固定名词，助词接在它后面）。第三方验收（GPT，2026-09-30）+ Owner 拍板。	CPS 原文（v8.5.1 src/messages/ko.json:136）语法修订：第三方验收（GPT，2026-09-30）+ Owner 拍板，书页句改成与非书页句同一种语法写法（“{locale} 버전으로”）
ko	localeSwitcher.fallbackToastPage	This page isn't available in {locale} yet. Switched to the {locale} homepage.	이 페이지는 아직 {locale} 버전으로 제공되지 않습니다. {locale} 홈으로 이동했습니다.	语言切换器提示（非书页：分类页、博客文章页、404 页、未登记路径）：用户在这些页面切换语种，目标语种没有对应页面时弹出，随后跳到目标语种首页。{locale} 由代码替换为目标语种的本语自称（如 한국어、Français），整句出现两次，必须保留两处占位符；两句话，与书页那句同一句式，只把“书/作品/剧目”换成“页面”；不得出现“本站/原平台/预览/试读”的意思。 “페이지”= 页面；“{locale}로”改为“{locale} 버전으로”，避免助词“로/으로”随语种自称变化而不合语法（此前误写为“助词统一用‘로’”）。第三方验收（GPT，2026-09-30）+ Owner 拍板。	新译；第三方验收（GPT，2026-09-30）+ Owner 拍板修订（“{locale}로”→“{locale} 버전으로”）
pl	localeSwitcher.fallbackToast	This title isn't available in {locale} yet. Switched to the {locale} homepage.	Ten tytuł nie jest jeszcze dostępny w języku „{locale}”. Przełączono na stronę główną w języku „{locale}”.	语言切换器提示（书页专用：小说详情页、章节页）：用户在书的详情页或章节页切换语种，目标语种没有对应内容时弹出，随后跳到目标语种首页。{locale} 由代码替换为目标语种的本语自称（如 한국어、Français），整句出现两次，必须保留两处占位符。 与非书页句同一种写法：主语用“Ten tytuł”（此标题/作品），语种自称放进引号“„{locale}””（波兰语无法给语种自称变格），第二句补“w języku „{locale}””。引号字符与本语种 fallbackToastPage 逐字节一致（U+201E / U+201D）。第三方验收（GPT，2026-09-30）+ Owner 拍板。	CPS 原文（v8.5.1 src/messages/pl.json:136）语法修订：第三方验收（GPT，2026-09-30）+ Owner 拍板，书页句改成与非书页句同一种语法写法（引号包住语种自称）
pl	localeSwitcher.fallbackToastPage	This page isn't available in {locale} yet. Switched to the {locale} homepage.	Ta strona nie jest jeszcze dostępna w języku „{locale}”. Przełączono na stronę główną w języku „{locale}”.	语言切换器提示（非书页：分类页、博客文章页、404 页、未登记路径）：用户在这些页面切换语种，目标语种没有对应页面时弹出，随后跳到目标语种首页。{locale} 由代码替换为目标语种的本语自称（如 한국어、Français），整句出现两次，必须保留两处占位符；两句话，与书页那句同一句式，只把“书/作品/剧目”换成“页面”；不得出现“本站/原平台/预览/试读”的意思。 波兰语名词变格问题：本语自称直接放在“w języku”后语法不通（应为形容词第 6 格），故整体放进引号；“Ta strona”= 这个页面（与本语种目录 notFoundPage.body 同一处字面重合，非“本站”，见守卫例外登记）。	新译
pt-BR	localeSwitcher.fallbackToast	This title isn't available in {locale} yet. Switched to the {locale} homepage.	Este título ainda não está disponível em {locale}. Você foi levado para a página inicial em {locale}.	语言切换器提示（书页专用：小说详情页、章节页）：用户在书的详情页或章节页切换语种，目标语种没有对应内容时弹出，随后跳到目标语种首页。{locale} 由代码替换为目标语种的本语自称（如 한국어、Français），整句出现两次，必须保留两处占位符。逐字照搬短剧站原文，一个字不改。 CPS 原文里“título”= 标题/作品。	CPS 原文（v8.5.1 src/messages/pt-BR.json:136）
pt-BR	localeSwitcher.fallbackToastPage	This page isn't available in {locale} yet. Switched to the {locale} homepage.	Esta página ainda não está disponível em {locale}. Você foi levado para a página inicial em {locale}.	语言切换器提示（非书页：分类页、博客文章页、404 页、未登记路径）：用户在这些页面切换语种，目标语种没有对应页面时弹出，随后跳到目标语种首页。{locale} 由代码替换为目标语种的本语自称（如 한국어、Français），整句出现两次，必须保留两处占位符；两句话，与书页那句同一句式，只把“书/作品/剧目”换成“页面”；不得出现“本站/原平台/预览/试读”的意思。 “página”= 页面，其余句式与 CPS 原文一致。	新译
ru	localeSwitcher.fallbackToast	This title isn't available in {locale} yet. Switched to the {locale} homepage.	Эта книга пока недоступна на языке «{locale}». Открыта главная страница на языке «{locale}».	语言切换器提示（书页专用：小说详情页、章节页）：用户在书的详情页或章节页切换语种，目标语种没有对应内容时弹出，随后跳到目标语种首页。{locale} 由代码替换为目标语种的本语自称（如 한국어、Français），整句出现两次，必须保留两处占位符。 与非书页句同一种写法：主语用“Эта книга”（这本书，Owner 2026-09-30 已由 CPS 的“Этот сериал”换成；阴性，短尾形容词“недоступна”），语种自称改为“на языке «{locale}»”整体放进引号（CPS 原文“на {locale}”对“Русский/Français”等自称无法变格）。第三方验收（GPT，2026-09-30）+ Owner 拍板。	CPS 原文（v8.5.1 src/messages/ru.json:136）换词（Owner 2026-09-30，“сериал”→“книга”）+ 语法修订：第三方验收（GPT，2026-09-30）+ Owner 拍板，书页句改成与非书页句同一种语法写法（“на языке «…»”）
ru	localeSwitcher.fallbackToastPage	This page isn't available in {locale} yet. Switched to the {locale} homepage.	Эта страница пока недоступна на языке «{locale}». Открыта главная страница на языке «{locale}».	语言切换器提示（非书页：分类页、博客文章页、404 页、未登记路径）：用户在这些页面切换语种，目标语种没有对应页面时弹出，随后跳到目标语种首页。{locale} 由代码替换为目标语种的本语自称（如 한국어、Français），整句出现两次，必须保留两处占位符；两句话，与书页那句同一句式，只把“书/作品/剧目”换成“页面”；不得出现“本站/原平台/预览/试读”的意思。 俄语名词变格问题：改为“на языке «…»”把自称整体放进引号；“страница”= 页面，“главная страница”= 首页。	新译
th	localeSwitcher.fallbackToast	This title isn't available in {locale} yet. Switched to the {locale} homepage.	เรื่องนี้ยังไม่มีในภาษา {locale} ระบบพาคุณไปยังหน้าแรกภาษา {locale} แล้ว	语言切换器提示（书页专用：小说详情页、章节页）：用户在书的详情页或章节页切换语种，目标语种没有对应内容时弹出，随后跳到目标语种首页。{locale} 由代码替换为目标语种的本语自称（如 한국어、Français），整句出现两次，必须保留两处占位符。逐字照搬短剧站原文，一个字不改。 CPS 原文里“เรื่องนี้”= 这部（作品）；泰语没有句末标点，句数门禁对 th 豁免。	CPS 原文（v8.5.1 src/messages/th.json:136）
th	localeSwitcher.fallbackToastPage	This page isn't available in {locale} yet. Switched to the {locale} homepage.	หน้านี้ยังไม่มีในภาษา {locale} ระบบพาคุณไปยังหน้าแรกภาษา {locale} แล้ว	语言切换器提示（非书页：分类页、博客文章页、404 页、未登记路径）：用户在这些页面切换语种，目标语种没有对应页面时弹出，随后跳到目标语种首页。{locale} 由代码替换为目标语种的本语自称（如 한국어、Français），整句出现两次，必须保留两处占位符；两句话，与书页那句同一句式，只把“书/作品/剧目”换成“页面”；不得出现“本站/原平台/预览/试读”的意思。 “หน้านี้”= 这个页面，其余句式与 CPS 原文一致；泰语无句末标点，句数门禁对 th 豁免。	新译
vi	localeSwitcher.fallbackToast	This title isn't available in {locale} yet. Switched to the {locale} homepage.	Cuốn sách này chưa có bằng {locale}. Đã chuyển đến trang chủ {locale}.	语言切换器提示（书页专用：小说详情页、章节页）：用户在书的详情页或章节页切换语种，目标语种没有对应内容时弹出，随后跳到目标语种首页。{locale} 由代码替换为目标语种的本语自称（如 한국어、Français），整句出现两次，必须保留两处占位符。 “Cuốn sách này”= 这本书（CPS 原文“Tựa phim này”= 这部影片；Owner 2026-09-30 先换成“Tựa sách này”，验收后改用更自然的“Cuốn sách này”），其余句式不变。第三方验收（GPT，2026-09-30）+ Owner 拍板。	CPS 原文（v8.5.1 src/messages/vi.json:136）换词（Owner 2026-09-30）+ 用词修订：第三方验收（GPT，2026-09-30）+ Owner 拍板，改用“Cuốn sách này”
vi	localeSwitcher.fallbackToastPage	This page isn't available in {locale} yet. Switched to the {locale} homepage.	Trang này chưa có bằng {locale}. Đã chuyển đến trang chủ {locale}.	语言切换器提示（非书页：分类页、博客文章页、404 页、未登记路径）：用户在这些页面切换语种，目标语种没有对应页面时弹出，随后跳到目标语种首页。{locale} 由代码替换为目标语种的本语自称（如 한국어、Français），整句出现两次，必须保留两处占位符；两句话，与书页那句同一句式，只把“书/作品/剧目”换成“页面”；不得出现“本站/原平台/预览/试读”的意思。 “Trang này”= 这个页面（与本语种目录 errorPage.body/notFoundPage 同一处字面重合，非“trang web này”，见守卫例外登记）；“trang chủ”= 首页。	新译
zh-Hant	localeSwitcher.fallbackToast	This title isn't available in {locale} yet. Switched to the {locale} homepage.	此作品尚未提供{locale}版本，已切換至{locale}首頁。	语言切换器提示（书页专用：小说详情页、章节页）：用户在书的详情页或章节页切换语种，目标语种没有对应内容时弹出，随后跳到目标语种首页。{locale} 由代码替换为目标语种的本语自称（如 한국어、Français），整句出现两次，必须保留两处占位符。照搬短剧站原文句式，只把“剧/影片”换成“书”，其余一个字不改（Owner 2026-09-30）。 CPS 原文是一句话（逗号连接）：“此劇目尚未提供{locale}版本，已切換至{locale}首頁。”；已按 Owner 2026-09-30 把“劇目”换成“作品”（站内通用词），句式与逗号连接保持 CPS 原样；比英文少一个句号，句数门禁为此登记了例外。	CPS 原文（v8.5.1 src/messages/zh-Hant.json:136），仅把'剧/影片'换成'书'（Owner 2026-09-30）
zh-Hant	localeSwitcher.fallbackToastPage	This page isn't available in {locale} yet. Switched to the {locale} homepage.	此頁面尚未提供{locale}版本。已切換至{locale}首頁。	语言切换器提示（非书页：分类页、博客文章页、404 页、未登记路径）：用户在这些页面切换语种，目标语种没有对应页面时弹出，随后跳到目标语种首页。{locale} 由代码替换为目标语种的本语自称（如 한국어、Français），整句出现两次，必须保留两处占位符；两句话，与书页那句同一句式，只把“书/作品/剧目”换成“页面”；不得出现“本站/原平台/预览/试读”的意思。 按英文拆成两句以满足句数门禁；“頁面”= 页面。	新译
