typecheck	1	0	22
lint	1	0	19
full-tests	1	0	225
build	1	0	33
prisma-validate	1	1	1
prisma-validate	1	0	1
dictionary-static	1	0	0
run-add-admin-identity-postgres-verification	1	0	5
run-article-blog-rebind-postgres-verification	1	0	17
run-article-publish-batch-postgres-verification	1	0	45
run-article-template-version-postgres-verification	1	0	7
run-catalog-batch-postgres-verification	1	0	30
run-indexnow-sweep-postgres-verification	1	0	22
run-next-proxy-probe-verification	1	0	17
run-novel-article-decouple-postgres-verification	1	0	8
run-p1-05b-postgres-verification	1	0	442
run-p1-06-postgres-verification	1	0	429
run-p1-08b-postgres-verification	1	0	24
run-p2-02b-article-template-postgres-verification	1	0	9
run-p2-04-admin-content-postgres-verification	1	0	5
run-phase-b-entity-fix-postgres-verification	1	0	8
run-phase-d-postgres-verification	1	0	26
run-phase-d-role-password-postgres-verification	1	0	5
run-preprod-db-contract-verification	1	0	9
run-preview-account-hold-postgres-verification	1	0	5
run-preview-opening-postgres-verification	1	0	7
run-promo-claim-batch-control-postgres-verification	1	0	7
run-promo-claim-release-postgres-verification	1	0	7
run-publication-preview-postgres-verification	1	0	29
run-revenue-dashboard-postgres-verification	1	0	9
run-sitemap-refresh-postgres-verification	1	0	44
run-tagging-auto-preview-postgres-verification	1	0	32
run-tagging-public-auto-postgres-verification	1	0	55
run-task-claim-control-postgres-verification	1	0	6
run-tkd-repair-postgres-verification	1	0	4
run-worker-health-index-postgres-verification	1	0	11
run-worker-light-postgres-verification	1	0	6
run-x2-postgres-hardening-verification	1	0	2
run-x6-site-setting-postgres-verification	1	0	8
run-x9-postgres-verification	1	0	13
b21	1	0	123
nginx-matrix	1	0	53
public-cutover-mutations	1	0	55
compose	1	0	1
brand-image	1	0	148
