mapping_key,group_identity,channel_app_id,raw_language_scope,scope_label_non_authoritative,exact_raw_token,exact_raw_token_utf8_base64,exact_raw_token_sha256,book_frequency,occurrence_count,carrier_book_count,representative_book_ids_json,final_disposition,decision_source,consensus_tier,review_confidence,reason,risk
9493a43ef28b9c0e63b17aff62cd6e86fd5c2b01c8ce4a3326235d43a2a66427,c16ffde38987539b691bf813053a5faa15164df438edf321b559aaa46cc808d2,changdu-app,"[""RAW_LANGUAGE_SCOPE_V1"",""[\""number\"",\""10\""]"",[""string"",""阿拉伯语""]]",AR,Autres,QXV0cmVz,eaa2318178c83b85c5aa677eb3ef6be74372b36353b33a3921ba83b2c4624cf1,1,1,1,"[""[\""LANE_B_BOOK_ID_V1\"",\""[\\\""string\\\"",\\\""changdu-app\\\""]\"",\""[\\\""number\\\"",\\\""523511379\\\""]\"",\""[\\\""RAW_LANGUAGE_SCOPE_V1\\\"",\\\""[\\\\\\\""number\\\\\\\"",\\\\\\\""10\\\\\\\""]\\\"",[\\\""string\\\"",\\\""阿拉伯语\\\""]]\""]""]",IGNORE_NON_CONTENT,CROSS_REVIEW_FINAL,TIER_1_STRONG,0.93,4/4一致：格式/兜底/目录型token，无独立内容检索语义（Others/短篇/图书家族）,NONE_IDENTIFIED
59b85bb4453c8d7376fd95163cbee8167ed7197deb41b88bb80ef96b4b34eefa,222e099a15a34d9d4462c5eff49d0c6b2debcd6a586390887bc23db20fd8e0ff,changdu-app,"[""RAW_LANGUAGE_SCOPE_V1"",""[\""number\"",\""10\""]"",[""string"",""阿拉伯语""]]",AR,Nouvelles,Tm91dmVsbGVz,e2fa678e8c3ee06b6d2f7d93b41ba88f4bc47a5e478f045ea1eff213c57624c4,1,1,1,"[""[\""LANE_B_BOOK_ID_V1\"",\""[\\\""string\\\"",\\\""changdu-app\\\""]\"",\""[\\\""number\\\"",\\\""523511381\\\""]\"",\""[\\\""RAW_LANGUAGE_SCOPE_V1\\\"",\\\""[\\\\\\\""number\\\\\\\"",\\\\\\\""10\\\\\\\""]\\\"",[\\\""string\\\"",\\\""阿拉伯语\\\""]]\""]""]",IGNORE_NON_CONTENT,CROSS_REVIEW_FINAL,TIER_1_STRONG,0.91,4/4一致：格式/兜底/目录型token，无独立内容检索语义（Others/短篇/图书家族）,NONE_IDENTIFIED
3d76c987a6642c94058403a5cfe2d62119bfa445ab6b776bb600b4c68c764ab5,09a7779525df63ee0ccf29ea5062d447a6ef3862856f9c465b713caacf256724,changdu-app,"[""RAW_LANGUAGE_SCOPE_V1"",""[\""number\"",\""16\""]"",[""string"",""德语""]]",DE,Abenteuer,QWJlbnRldWVy,0a0a57f3637eda640a92c94b41888d053e54299402235834b07d0bfae015fe25,1,1,1,"[""[\""LANE_B_BOOK_ID_V1\"",\""[\\\""string\\\"",\\\""changdu-app\\\""]\"",\""[\\\""number\\\"",\\\""804041952\\\""]\"",\""[\\\""RAW_LANGUAGE_SCOPE_V1\\\"",\\\""[\\\\\\\""number\\\\\\\"",\\\\\\\""16\\\\\\\""]\\\"",[\\\""string\\\"",\\\""德语\\\""]]\""]""]",IGNORE_NON_CONTENT,CROSS_REVIEW_FINAL,TIER_5_SOURCE_DIRTY,0.68,Adventure家族=男频侧fallback桶（共现几乎100%男频），无任何稳定内容语义：唯一书证为狼人世界；与Others同性质，按非内容桶关闭。四家一致反对映射adventure,B/C/D: HUMAN_REVIEW；A: IGNORE——交叉验证后采A（共现+跨10个scope的系统性证据已足够）
eed52de2e4d9d69c2385bb3dd3e6fd43c6795621fd5909d2fdc409f9d310b876,c9c613c9a46ac5d7b072ff61ecbcf77cf5b45f622fcfa79d15344bd396642a4c,changdu-app,"[""RAW_LANGUAGE_SCOPE_V1"",""[\""number\"",\""3\""]"",[""string"",""英语""]]",EN,Adventure,QWR2ZW50dXJl,9a3c16424750cbde029c47e059f219dc64d8943ac4073a1cc5bc9accd979fc17,235,235,235,"[""[\""LANE_B_BOOK_ID_V1\"",\""[\\\""string\\\"",\\\""changdu-app\\\""]\"",\""[\\\""number\\\"",\\\""608182088\\\""]\"",\""[\\\""RAW_LANGUAGE_SCOPE_V1\\\"",\\\""[\\\\\\\""number\\\\\\\"",\\\\\\\""3\\\\\\\""]\\\"",[\\\""string\\\"",\\\""英语\\\""]]\""]"",""[\""LANE_B_BOOK_ID_V1\"",\""[\\\""string\\\"",\\\""changdu-app\\\""]\"",\""[\\\""number\\\"",\\\""1040466288\\\""]\"",\""[\\\""RAW_LANGUAGE_SCOPE_V1\\\"",\\\""[\\\\\\\""number\\\\\\\"",\\\\\\\""3\\\\\\\""]\\\"",[\\\""string\\\"",\\\""英语\\\""]]\""]"",""[\""LANE_B_BOOK_ID_V1\"",\""[\\\""string\\\"",\\\""changdu-app\\\""]\"",\""[\\\""number\\\"",\\\""1042736497\\\""]\"",\""[\\\""RAW_LANGUAGE_SCOPE_V1\\\"",\\\""[\\\\\\\""number\\\\\\\"",\\\\\\\""3\\\\\\\""]\\\"",[\\\""string\\\"",\\\""英语\\\""]]\""]"",""[\""LANE_B_BOOK_ID_V1\"",\""[\\\""string\\\"",\\\""changdu-app\\\""]\"",\""[\\\""number\\\"",\\\""980207230\\\""]\"",\""[\\\""RAW_LANGUAGE_SCOPE_V1\\\"",\\\""[\\\\\\\""number\\\\\\\"",\\\\\\\""3\\\\\\\""]\\\"",[\\\""string\\\"",\\\""英语\\\""]]\""]"",""[\""LANE_B_BOOK_ID_V1\"",\""[\\\""string\\\"",\\\""changdu-app\\\""]\"",\""[\\\""number\\\"",\\\""938775596\\\""]\"",\""[\\\""RAW_LANGUAGE_SCOPE_V1\\\"",\\\""[\\\\\\\""number\\\\\\\"",\\\\\\\""3\\\\\\\""]\\\"",[\\\""string\\\"",\\\""英语\\\""]]\""]"",""[\""LANE_B_BOOK_ID_V1\"",\""[\\\""string\\\"",\\\""changdu-app\\\""]\"",\""[\\\""number\\\"",\\\""939591387\\\""]\"",\""[\\\""RAW_LANGUAGE_SCOPE_V1\\\"",\\\""[\\\\\\\""number\\\\\\\"",\\\\\\\""3\\\\\\\""]\\\"",[\\\""string\\\"",\\\""英语\\\""]]\""]"",""[\""LANE_B_BOOK_ID_V1\"",\""[\\\""string\\\"",\\\""changdu-app\\\""]\"",\""[\\\""number\\\"",\\\""883166487\\\""]\"",\""[\\\""RAW_LANGUAGE_SCOPE_V1\\\"",\\\""[\\\\\\\""number\\\\\\\"",\\\\\\\""3\\\\\\\""]\\\"",[\\\""string\\\"",\\\""英语\\\""]]\""]"",""[\""LANE_B_BOOK_ID_V1\"",\""[\\\""string\\\"",\\\""changdu-app\\\""]\"",\""[\\\""number\\\"",\\\""854093218\\\""]\"",\""[\\\""RAW_LANGUAGE_SCOPE_V1\\\"",\\\""[\\\\\\\""number\\\\\\\"",\\\\\\\""3\\\\\\\""]\\\"",[\\\""string\\\"",\\\""英语\\\""]]\""]"",""[\""LANE_B_BOOK_ID_V1\"",\""[\\\""string\\\"",\\\""changdu-app\\\""]\"",\""[\\\""number\\\"",\\\""856511609\\\""]\"",\""[\\\""RAW_LANGUAGE_SCOPE_V1\\\"",\\\""[\\\\\\\""number\\\\\\\"",\\\\\\\""3\\\\\\\""]\\\"",[\\\""string\\\"",\\\""英语\\\""]]\""]"",""[\""LANE_B_BOOK_ID_V1\"",\""[\\\""string\\\"",\\\""changdu-app\\\""]\"",\""[\\\""number\\\"",\\\""856610795\\\""]\"",\""[\\\""RAW_LANGUAGE_SCOPE_V1\\\"",\\\""[\\\\\\\""number\\\\\\\"",\\\\\\\""3\\\\\\\""]\\\"",[\\\""string\\\"",\\\""英语\\\""]]\""]"",""[\""LANE_B_BOOK_ID_V1\"",\""[\\\""string\\\"",\\\""changdu-app\\\""]\"",\""[\\\""number\\\"",\\\""811900043\\\""]\"",\""[\\\""RAW_LANGUAGE_SCOPE_V1\\\"",\\\""[\\\\\\\""number\\\\\\\"",\\\\\\\""3\\\\\\\""]\\\"",[\\\""string\\\"",\\\""英语\\\""]]\""]"",""[\""LANE_B_BOOK_ID_V1\"",\""[\\\""string\\\"",\\\""changdu-app\\\""]\"",\""[\\\""number\\\"",\\\""712207788\\\""]\"",\""[\\\""RAW_LANGUAGE_SCOPE_V1\\\"",\\\""[\\\\\\\""number\\\\\\\"",\\\\\\\""3\\\\\\\""]\\\"",[\\\""string\\\"",\\\""英语\\\""]]\""]""]",IGNORE_NON_CONTENT,CROSS_REVIEW_FINAL,TIER_5_SOURCE_DIRTY,0.8,Adventure家族=男频侧fallback桶（共现几乎100%男频），无任何稳定内容语义：200/235男频+35图书目录条目，内容从狼医生到情色合集完全异质；与Others同性质，按非内容桶关闭。四家一致反对映射adventure,B/C/D: HUMAN_REVIEW；A: IGNORE——交叉验证后采A（共现+跨10个scope的系统性证据已足够）
8934fdda356b60d45102e75ad3cda6a82e434b190367ef6f882af6534ded4acf,29dd390ef86b46e26eed06167329b90d29d6f30801c1447e893552c5bb6ec927,changdu-app,"[""RAW_LANGUAGE_SCOPE_V1"",""[\""number\"",\""3\""]"",[""string"",""英语""]]",EN,Literature,TGl0ZXJhdHVyZQ==,51e49f593b9bb496176fa5b522be1d322cf6cfcaa84daadead231280206d6074,5,5,5,"[""[\""LANE_B_BOOK_ID_V1\"",\""[\\\""string\\\"",\\\""changdu-app\\\""]\"",\""[\\\""number\\\"",\\\""5575046\\\""]\"",\""[\\\""RAW_LANGUAGE_SCOPE_V1\\\"",\\\""[\\\\\\\""number\\\\\\\"",\\\\\\\""3\\\\\\\""]\\\"",[\\\""string\\\"",\\\""英语\\\""]]\""]"",""[\""LANE_B_BOOK_ID_V1\"",\""[\\\""string\\\"",\\\""changdu-app\\\""]\"",\""[\\\""number\\\"",\\\""5575064\\\""]\"",\""[\\\""RAW_LANGUAGE_SCOPE_V1\\\"",\\\""[\\\\\\\""number\\\\\\\"",\\\\\\\""3\\\\\\\""]\\\"",[\\\""string\\\"",\\\""英语\\\""]]\""]"",""[\""LANE_B_BOOK_ID_V1\"",\""[\\\""string\\\"",\\\""changdu-app\\\""]\"",\""[\\\""number\\\"",\\\""5575080\\\""]\"",\""[\\\""RAW_LANGUAGE_SCOPE_V1\\\"",\\\""[\\\\\\\""number\\\\\\\"",\\\\\\\""3\\\\\\\""]\\\"",[\\\""string\\\"",\\\""英语\\\""]]\""]"",""[\""LANE_B_BOOK_ID_V1\"",\""[\\\""string\\\"",\\\""changdu-app\\\""]\"",\""[\\\""number\\\"",\\\""5575097\\\""]\"",\""[\\\""RAW_LANGUAGE_SCOPE_V1\\\"",\\\""[\\\\\\\""number\\\\\\\"",\\\\\\\""3\\\\\\\""]\\\"",[\\\""string\\\"",\\\""英语\\\""]]\""]"",""[\""LANE_B_BOOK_ID_V1\"",\""[\\\""string\\\"",\\\""changdu-app\\\""]\"",\""[\\\""number\\\"",\\\""5575115\\\""]\"",\""[\\\""RAW_LANGUAGE_SCOPE_V1\\\"",\\\""[\\\\\\\""number\\\\\\\"",\\\\\\\""3\\\\\\\""]\\\"",[\\\""string\\\"",\\\""英语\\\""]]\""]""]",IGNORE_NON_CONTENT,CROSS_REVIEW_FINAL,TIER_2_GOOD,0.9,4/4一致按非内容处置（2票DROP/2票IGNORE）：公版目录条目（版权续期表/新几内亚游记），与图书桶同质——统一IGNORE,A/B: DROP_LOW_VALUE（处置等价）
3b12900ba2b03436f2b3307b7670d244c1ac31358e5e3ad80d82c2579e9204b0,e283a85b5a45f243f47ae9e29f3aff89af0589b2bc2eb759f6ad9194b31bccfc,changdu-app,"[""RAW_LANGUAGE_SCOPE_V1"",""[\""number\"",\""3\""]"",[""string"",""英语""]]",EN,Others,T3RoZXJz,ebdad9ba4c5e3ce0078ad8e8fb31e4c76176834cd2370f05bd043e4baf8d6c5a,55,55,55,"[""[\""LANE_B_BOOK_ID_V1\"",\""[\\\""string\\\"",\\\""changdu-app\\\""]\"",\""[\\\""number\\\"",\\\""5578322\\\""]\"",\""[\\\""RAW_LANGUAGE_SCOPE_V1\\\"",\\\""[\\\\\\\""number\\\\\\\"",\\\\\\\""3\\\\\\\""]\\\"",[\\\""string\\\"",\\\""英语\\\""]]\""]"",""[\""LANE_B_BOOK_ID_V1\"",\""[\\\""string\\\"",\\\""changdu-app\\\""]\"",\""[\\\""number\\\"",\\\""938876838\\\""]\"",\""[\\\""RAW_LANGUAGE_SCOPE_V1\\\"",\\\""[\\\\\\\""number\\\\\\\"",\\\\\\\""3\\\\\\\""]\\\"",[\\\""string\\\"",\\\""英语\\\""]]\""]"",""[\""LANE_B_BOOK_ID_V1\"",\""[\\\""string\\\"",\\\""changdu-app\\\""]\"",\""[\\\""number\\\"",\\\""929155257\\\""]\"",\""[\\\""RAW_LANGUAGE_SCOPE_V1\\\"",\\\""[\\\\\\\""number\\\\\\\"",\\\\\\\""3\\\\\\\""]\\\"",[\\\""string\\\"",\\\""英语\\\""]]\""]"",""[\""LANE_B_BOOK_ID_V1\"",\""[\\\""string\\\"",\\\""changdu-app\\\""]\"",\""[\\\""number\\\"",\\\""712207795\\\""]\"",\""[\\\""RAW_LANGUAGE_SCOPE_V1\\\"",\\\""[\\\\\\\""number\\\\\\\"",\\\\\\\""3\\\\\\\""]\\\"",[\\\""string\\\"",\\\""英语\\\""]]\""]"",""[\""LANE_B_BOOK_ID_V1\"",\""[\\\""string\\\"",\\\""changdu-app\\\""]\"",\""[\\\""number\\\"",\\\""690530243\\\""]\"",\""[\\\""RAW_LANGUAGE_SCOPE_V1\\\"",\\\""[\\\\\\\""number\\\\\\\"",\\\\\\\""3\\\\\\\""]\\\"",[\\\""string\\\"",\\\""英语\\\""]]\""]"",""[\""LANE_B_BOOK_ID_V1\"",\""[\\\""string\\\"",\\\""changdu-app\\\""]\"",\""[\\\""number\\\"",\\\""499607254\\\""]\"",\""[\\\""RAW_LANGUAGE_SCOPE_V1\\\"",\\\""[\\\\\\\""number\\\\\\\"",\\\\\\\""3\\\\\\\""]\\\"",[\\\""string\\\"",\\\""英语\\\""]]\""]"",""[\""LANE_B_BOOK_ID_V1\"",\""[\\\""string\\\"",\\\""changdu-app\\\""]\"",\""[\\\""number\\\"",\\\""143953665\\\""]\"",\""[\\\""RAW_LANGUAGE_SCOPE_V1\\\"",\\\""[\\\\\\\""number\\\\\\\"",\\\\\\\""3\\\\\\\""]\\\"",[\\\""string\\\"",\\\""英语\\\""]]\""]"",""[\""LANE_B_BOOK_ID_V1\"",\""[\\\""string\\\"",\\\""changdu-app\\\""]\"",\""[\\\""number\\\"",\\\""74684674\\\""]\"",\""[\\\""RAW_LANGUAGE_SCOPE_V1\\\"",\\\""[\\\\\\\""number\\\\\\\"",\\\\\\\""3\\\\\\\""]\\\"",[\\\""string\\\"",\\\""英语\\\""]]\""]""]",IGNORE_NON_CONTENT,CROSS_REVIEW_FINAL,TIER_1_STRONG,0.94,4/4一致：格式/兜底/目录型token，无独立内容检索语义（Others/短篇/图书家族）,NONE_IDENTIFIED
e4b2a304349b946aca15bf1478131077fedbb319db7b2ecd8c4318b478892005,bf64ea774872089da213e2f70a0fe836cedfa9777907081406a6b32674c28a7a,changdu-app,"[""RAW_LANGUAGE_SCOPE_V1"",""[\""number\"",\""3\""]"",[""string"",""英语""]]",EN,Short stories,U2hvcnQgc3Rvcmllcw==,306f0c3996737d1a3a97195a6269d06a1b5b0da75e7959f1ac1022782eaa1f38,72,72,72,"[""[\""LANE_B_BOOK_ID_V1\"",\""[\\\""string\\\"",\\\""changdu-app\\\""]\"",\""[\\\""number\\\"",\\\""1133913081\\\""]\"",\""[\\\""RAW_LANGUAGE_SCOPE_V1\\\"",\\\""[\\\\\\\""number\\\\\\\"",\\\\\\\""3\\\\\\\""]\\\"",[\\\""string\\\"",\\\""英语\\\""]]\""]"",""[\""LANE_B_BOOK_ID_V1\"",\""[\\\""string\\\"",\\\""changdu-app\\\""]\"",\""[\\\""number\\\"",\\\""504435423\\\""]\"",\""[\\\""RAW_LANGUAGE_SCOPE_V1\\\"",\\\""[\\\\\\\""number\\\\\\\"",\\\\\\\""3\\\\\\\""]\\\"",[\\\""string\\\"",\\\""英语\\\""]]\""]"",""[\""LANE_B_BOOK_ID_V1\"",\""[\\\""string\\\"",\\\""changdu-app\\\""]\"",\""[\\\""number\\\"",\\\""576636506\\\""]\"",\""[\\\""RAW_LANGUAGE_SCOPE_V1\\\"",\\\""[\\\\\\\""number\\\\\\\"",\\\\\\\""3\\\\\\\""]\\\"",[\\\""string\\\"",\\\""英语\\\""]]\""]"",""[\""LANE_B_BOOK_ID_V1\"",\""[\\\""string\\\"",\\\""changdu-app\\\""]\"",\""[\\\""number\\\"",\\\""5576287\\\""]\"",\""[\\\""RAW_LANGUAGE_SCOPE_V1\\\"",\\\""[\\\\\\\""number\\\\\\\"",\\\\\\\""3\\\\\\\""]\\\"",[\\\""string\\\"",\\\""英语\\\""]]\""]"",""[\""LANE_B_BOOK_ID_V1\"",\""[\\\""string\\\"",\\\""changdu-app\\\""]\"",\""[\\\""number\\\"",\\\""5581143\\\""]\"",\""[\\\""RAW_LANGUAGE_SCOPE_V1\\\"",\\\""[\\\\\\\""number\\\\\\\"",\\\\\\\""3\\\\\\\""]\\\"",[\\\""string\\\"",\\\""英语\\\""]]\""]"",""[\""LANE_B_BOOK_ID_V1\"",\""[\\\""string\\\"",\\\""changdu-app\\\""]\"",\""[\\\""number\\\"",\\\""3824473\\\""]\"",\""[\\\""RAW_LANGUAGE_SCOPE_V1\\\"",\\\""[\\\\\\\""number\\\\\\\"",\\\\\\\""3\\\\\\\""]\\\"",[\\\""string\\\"",\\\""英语\\\""]]\""]"",""[\""LANE_B_BOOK_ID_V1\"",\""[\\\""string\\\"",\\\""changdu-app\\\""]\"",\""[\\\""number\\\"",\\\""5596965\\\""]\"",\""[\\\""RAW_LANGUAGE_SCOPE_V1\\\"",\\\""[\\\\\\\""number\\\\\\\"",\\\\\\\""3\\\\\\\""]\\\"",[\\\""string\\\"",\\\""英语\\\""]]\""]"",""[\""LANE_B_BOOK_ID_V1\"",\""[\\\""string\\\"",\\\""changdu-app\\\""]\"",\""[\\\""number\\\"",\\\""938572394\\\""]\"",\""[\\\""RAW_LANGUAGE_SCOPE_V1\\\"",\\\""[\\\\\\\""number\\\\\\\"",\\\\\\\""3\\\\\\\""]\\\"",[\\\""string\\\"",\\\""英语\\\""]]\""]"",""[\""LANE_B_BOOK_ID_V1\"",\""[\\\""string\\\"",\\\""changdu-app\\\""]\"",\""[\\\""number\\\"",\\\""583862762\\\""]\"",\""[\\\""RAW_LANGUAGE_SCOPE_V1\\\"",\\\""[\\\\\\\""number\\\\\\\"",\\\\\\\""3\\\\\\\""]\\\"",[\\\""string\\\"",\\\""英语\\\""]]\""]""]",IGNORE_NON_CONTENT,CROSS_REVIEW_FINAL,TIER_1_STRONG,0.91,4/4一致：格式/兜底/目录型token，无独立内容检索语义（Others/短篇/图书家族）,NONE_IDENTIFIED
c1fa5e7c23a3fe0bbf6e1a408cc8f3427715211e961c4b93d34c92390b373466,84a54b1a1d4021ad8e1393c411680eb18249087bb7a2e2d3539b9290f7aebcbf,changdu-app,"[""RAW_LANGUAGE_SCOPE_V1"",""[\""number\"",\""3\""]"",[""string"",""英语""]]",EN,图书,5Zu+5Lmm,b3835bfa460f7e819ecf7e1dea2681e4f9f8be36992f672fee2466914f656dae,97,97,97,"[""[\""LANE_B_BOOK_ID_V1\"",\""[\\\""string\\\"",\\\""changdu-app\\\""]\"",\""[\\\""number\\\"",\\\""5575046\\\""]\"",\""[\\\""RAW_LANGUAGE_SCOPE_V1\\\"",\\\""[\\\\\\\""number\\\\\\\"",\\\\\\\""3\\\\\\\""]\\\"",[\\\""string\\\"",\\\""英语\\\""]]\""]"",""[\""LANE_B_BOOK_ID_V1\"",\""[\\\""string\\\"",\\\""changdu-app\\\""]\"",\""[\\\""number\\\"",\\\""5575064\\\""]\"",\""[\\\""RAW_LANGUAGE_SCOPE_V1\\\"",\\\""[\\\\\\\""number\\\\\\\"",\\\\\\\""3\\\\\\\""]\\\"",[\\\""string\\\"",\\\""英语\\\""]]\""]"",""[\""LANE_B_BOOK_ID_V1\"",\""[\\\""string\\\"",\\\""changdu-app\\\""]\"",\""[\\\""number\\\"",\\\""5575080\\\""]\"",\""[\\\""RAW_LANGUAGE_SCOPE_V1\\\"",\\\""[\\\\\\\""number\\\\\\\"",\\\\\\\""3\\\\\\\""]\\\"",[\\\""string\\\"",\\\""英语\\\""]]\""]"",""[\""LANE_B_BOOK_ID_V1\"",\""[\\\""string\\\"",\\\""changdu-app\\\""]\"",\""[\\\""number\\\"",\\\""5575097\\\""]\"",\""[\\\""RAW_LANGUAGE_SCOPE_V1\\\"",\\\""[\\\\\\\""number\\\\\\\"",\\\\\\\""3\\\\\\\""]\\\"",[\\\""string\\\"",\\\""英语\\\""]]\""]"",""[\""LANE_B_BOOK_ID_V1\"",\""[\\\""string\\\"",\\\""changdu-app\\\""]\"",\""[\\\""number\\\"",\\\""5575115\\\""]\"",\""[\\\""RAW_LANGUAGE_SCOPE_V1\\\"",\\\""[\\\\\\\""number\\\\\\\"",\\\\\\\""3\\\\\\\""]\\\"",[\\\""string\\\"",\\\""英语\\\""]]\""]"",""[\""LANE_B_BOOK_ID_V1\"",\""[\\\""string\\\"",\\\""changdu-app\\\""]\"",\""[\\\""number\\\"",\\\""5571631\\\""]\"",\""[\\\""RAW_LANGUAGE_SCOPE_V1\\\"",\\\""[\\\\\\\""number\\\\\\\"",\\\\\\\""3\\\\\\\""]\\\"",[\\\""string\\\"",\\\""英语\\\""]]\""]"",""[\""LANE_B_BOOK_ID_V1\"",\""[\\\""string\\\"",\\\""changdu-app\\\""]\"",\""[\\\""number\\\"",\\\""5555871\\\""]\"",\""[\\\""RAW_LANGUAGE_SCOPE_V1\\\"",\\\""[\\\\\\\""number\\\\\\\"",\\\\\\\""3\\\\\\\""]\\\"",[\\\""string\\\"",\\\""英语\\\""]]\""]"",""[\""LANE_B_BOOK_ID_V1\"",\""[\\\""string\\\"",\\\""changdu-app\\\""]\"",\""[\\\""number\\\"",\\\""5556012\\\""]\"",\""[\\\""RAW_LANGUAGE_SCOPE_V1\\\"",\\\""[\\\\\\\""number\\\\\\\"",\\\\\\\""3\\\\\\\""]\\\"",[\\\""string\\\"",\\\""英语\\\""]]\""]"",""[\""LANE_B_BOOK_ID_V1\"",\""[\\\""string\\\"",\\\""changdu-app\\\""]\"",\""[\\\""number\\\"",\\\""5555967\\\""]\"",\""[\\\""RAW_LANGUAGE_SCOPE_V1\\\"",\\\""[\\\\\\\""number\\\\\\\"",\\\\\\\""3\\\\\\\""]\\\"",[\\\""string\\\"",\\\""英语\\\""]]\""]"",""[\""LANE_B_BOOK_ID_V1\"",\""[\\\""string\\\"",\\\""changdu-app\\\""]\"",\""[\\\""number\\\"",\\\""5555974\\\""]\"",\""[\\\""RAW_LANGUAGE_SCOPE_V1\\\"",\\\""[\\\\\\\""number\\\\\\\"",\\\\\\\""3\\\\\\\""]\\\"",[\\\""string\\\"",\\\""英语\\\""]]\""]""]",IGNORE_NON_CONTENT,CROSS_REVIEW_FINAL,TIER_1_STRONG,0.93,4/4一致：格式/兜底/目录型token，无独立内容检索语义（Others/短篇/图书家族）,NONE_IDENTIFIED
b735098486d0de7926048aa055fe25736ae2e063ab2c2b413ca5540b27ad0813,c3b90fbafa90753c0aca47476d7f9b56569c8a1eba91ee1b72266f2fabbadb3c,changdu-app,"[""RAW_LANGUAGE_SCOPE_V1"",""[\""number\"",\""4\""]"",[""string"",""西语""]]",ES,Aventura,QXZlbnR1cmE=,edac19050590702c79bee4e6d1cb17ceba8f854714bf6179ca697921a9022337,26,26,26,"[""[\""LANE_B_BOOK_ID_V1\"",\""[\\\""string\\\"",\\\""changdu-app\\\""]\"",\""[\\\""number\\\"",\\\""941313883\\\""]\"",\""[\\\""RAW_LANGUAGE_SCOPE_V1\\\"",\\\""[\\\\\\\""number\\\\\\\"",\\\\\\\""4\\\\\\\""]\\\"",[\\\""string\\\"",\\\""西语\\\""]]\""]"",""[\""LANE_B_BOOK_ID_V1\"",\""[\\\""string\\\"",\\\""changdu-app\\\""]\"",\""[\\\""number\\\"",\\\""542923838\\\""]\"",\""[\\\""RAW_LANGUAGE_SCOPE_V1\\\"",\\\""[\\\\\\\""number\\\\\\\"",\\\\\\\""4\\\\\\\""]\\\"",[\\\""string\\\"",\\\""西语\\\""]]\""]"",""[\""LANE_B_BOOK_ID_V1\"",\""[\\\""string\\\"",\\\""changdu-app\\\""]\"",\""[\\\""number\\\"",\\\""547646465\\\""]\"",\""[\\\""RAW_LANGUAGE_SCOPE_V1\\\"",\\\""[\\\\\\\""number\\\\\\\"",\\\\\\\""4\\\\\\\""]\\\"",[\\\""string\\\"",\\\""西语\\\""]]\""]"",""[\""LANE_B_BOOK_ID_V1\"",\""[\\\""string\\\"",\\\""changdu-app\\\""]\"",\""[\\\""number\\\"",\\\""482731459\\\""]\"",\""[\\\""RAW_LANGUAGE_SCOPE_V1\\\"",\\\""[\\\\\\\""number\\\\\\\"",\\\\\\\""4\\\\\\\""]\\\"",[\\\""string\\\"",\\\""西语\\\""]]\""]"",""[\""LANE_B_BOOK_ID_V1\"",\""[\\\""string\\\"",\\\""changdu-app\\\""]\"",\""[\\\""number\\\"",\\\""248122959\\\""]\"",\""[\\\""RAW_LANGUAGE_SCOPE_V1\\\"",\\\""[\\\\\\\""number\\\\\\\"",\\\\\\\""4\\\\\\\""]\\\"",[\\\""string\\\"",\\\""西语\\\""]]\""]"",""[\""LANE_B_BOOK_ID_V1\"",\""[\\\""string\\\"",\\\""changdu-app\\\""]\"",\""[\\\""number\\\"",\\\""5535153\\\""]\"",\""[\\\""RAW_LANGUAGE_SCOPE_V1\\\"",\\\""[\\\\\\\""number\\\\\\\"",\\\\\\\""4\\\\\\\""]\\\"",[\\\""string\\\"",\\\""西语\\\""]]\""]""]",IGNORE_NON_CONTENT,CROSS_REVIEW_FINAL,TIER_5_SOURCE_DIRTY,0.72,Adventure家族fallback桶：书证为18+情色合集/CEO言情/狼人混装，无稳定语义；按非内容桶关闭,B: modern-romance（会把情色合集灌入现代言情页，未采纳）；C/D: HUMAN_REVIEW
645f75fad430e14763525442f9aee701d6160f68b9a04315e36a7c2179ff35d4,1c42bd5febd13c0d8903036a163646887f27992621ab988734e6fbbcb62b7ced,changdu-app,"[""RAW_LANGUAGE_SCOPE_V1"",""[\""number\"",\""4\""]"",[""string"",""西语""]]",ES,Cuentos,Q3VlbnRvcw==,aaa3e46f002fac2212474a96dbe8cef0eacb605a33ce807fbf77f9147f42c97e,19,19,19,"[""[\""LANE_B_BOOK_ID_V1\"",\""[\\\""string\\\"",\\\""changdu-app\\\""]\"",\""[\\\""number\\\"",\\\""318635262\\\""]\"",\""[\\\""RAW_LANGUAGE_SCOPE_V1\\\"",\\\""[\\\\\\\""number\\\\\\\"",\\\\\\\""4\\\\\\\""]\\\"",[\\\""string\\\"",\\\""西语\\\""]]\""]"",""[\""LANE_B_BOOK_ID_V1\"",\""[\\\""string\\\"",\\\""changdu-app\\\""]\"",\""[\\\""number\\\"",\\\""318635263\\\""]\"",\""[\\\""RAW_LANGUAGE_SCOPE_V1\\\"",\\\""[\\\\\\\""number\\\\\\\"",\\\\\\\""4\\\\\\\""]\\\"",[\\\""string\\\"",\\\""西语\\\""]]\""]"",""[\""LANE_B_BOOK_ID_V1\"",\""[\\\""string\\\"",\\\""changdu-app\\\""]\"",\""[\\\""number\\\"",\\\""318635264\\\""]\"",\""[\\\""RAW_LANGUAGE_SCOPE_V1\\\"",\\\""[\\\\\\\""number\\\\\\\"",\\\\\\\""4\\\\\\\""]\\\"",[\\\""string\\\"",\\\""西语\\\""]]\""]"",""[\""LANE_B_BOOK_ID_V1\"",\""[\\\""string\\\"",\\\""changdu-app\\\""]\"",\""[\\\""number\\\"",\\\""318635265\\\""]\"",\""[\\\""RAW_LANGUAGE_SCOPE_V1\\\"",\\\""[\\\\\\\""number\\\\\\\"",\\\\\\\""4\\\\\\\""]\\\"",[\\\""string\\\"",\\\""西语\\\""]]\""]"",""[\""LANE_B_BOOK_ID_V1\"",\""[\\\""string\\\"",\\\""changdu-app\\\""]\"",\""[\\\""number\\\"",\\\""318635266\\\""]\"",\""[\\\""RAW_LANGUAGE_SCOPE_V1\\\"",\\\""[\\\\\\\""number\\\\\\\"",\\\\\\\""4\\\\\\\""]\\\"",[\\\""string\\\"",\\\""西语\\\""]]\""]""]",IGNORE_NON_CONTENT,CROSS_REVIEW_FINAL,TIER_1_STRONG,0.91,4/4一致：格式/兜底/目录型token，无独立内容检索语义（Others/短篇/图书家族）,NONE_IDENTIFIED
db041b858bd2a6e0c004197a5848fa480253de7632e7b7969890672dee69882f,a8c8a801d86e2b07873a0cf9192c13dc447edc8cd8fd6582974f4b788507ea17,changdu-app,"[""RAW_LANGUAGE_SCOPE_V1"",""[\""number\"",\""4\""]"",[""string"",""西语""]]",ES,Otros,T3Ryb3M=,0108f1aeeef4d7cdb879901dc5b53d95f7c4f4da15b7ba4debe2338af2c773a1,18,18,18,"[""[\""LANE_B_BOOK_ID_V1\"",\""[\\\""string\\\"",\\\""changdu-app\\\""]\"",\""[\\\""number\\\"",\\\""186771917\\\""]\"",\""[\\\""RAW_LANGUAGE_SCOPE_V1\\\"",\\\""[\\\\\\\""number\\\\\\\"",\\\\\\\""4\\\\\\\""]\\\"",[\\\""string\\\"",\\\""西语\\\""]]\""]"",""[\""LANE_B_BOOK_ID_V1\"",\""[\\\""string\\\"",\\\""changdu-app\\\""]\"",\""[\\\""number\\\"",\\\""144687329\\\""]\"",\""[\\\""RAW_LANGUAGE_SCOPE_V1\\\"",\\\""[\\\\\\\""number\\\\\\\"",\\\\\\\""4\\\\\\\""]\\\"",[\\\""string\\\"",\\\""西语\\\""]]\""]"",""[\""LANE_B_BOOK_ID_V1\"",\""[\\\""string\\\"",\\\""changdu-app\\\""]\"",\""[\\\""number\\\"",\\\""5571194\\\""]\"",\""[\\\""RAW_LANGUAGE_SCOPE_V1\\\"",\\\""[\\\\\\\""number\\\\\\\"",\\\\\\\""4\\\\\\\""]\\\"",[\\\""string\\\"",\\\""西语\\\""]]\""]"",""[\""LANE_B_BOOK_ID_V1\"",\""[\\\""string\\\"",\\\""changdu-app\\\""]\"",\""[\\\""number\\\"",\\\""5542565\\\""]\"",\""[\\\""RAW_LANGUAGE_SCOPE_V1\\\"",\\\""[\\\\\\\""number\\\\\\\"",\\\\\\\""4\\\\\\\""]\\\"",[\\\""string\\\"",\\\""西语\\\""]]\""]"",""[\""LANE_B_BOOK_ID_V1\"",\""[\\\""string\\\"",\\\""changdu-app\\\""]\"",\""[\\\""number\\\"",\\\""5535216\\\""]\"",\""[\\\""RAW_LANGUAGE_SCOPE_V1\\\"",\\\""[\\\\\\\""number\\\\\\\"",\\\\\\\""4\\\\\\\""]\\\"",[\\\""string\\\"",\\\""西语\\\""]]\""]""]",IGNORE_NON_CONTENT,CROSS_REVIEW_FINAL,TIER_1_STRONG,0.94,4/4一致：格式/兜底/目录型token，无独立内容检索语义（Others/短篇/图书家族）,NONE_IDENTIFIED
ba4411b19cc8f07128e4fd843d07869225b6a7b1ac238a064e8f97b3d302e966,09b531ae8f97c0b42fc230435c5d933b15d94b15a153a8b28d1d7096ad34a543,changdu-app,"[""RAW_LANGUAGE_SCOPE_V1"",""[\""number\"",\""4\""]"",[""string"",""西语""]]",ES,图书,5Zu+5Lmm,b3835bfa460f7e819ecf7e1dea2681e4f9f8be36992f672fee2466914f656dae,1,1,1,"[""[\""LANE_B_BOOK_ID_V1\"",\""[\\\""string\\\"",\\\""changdu-app\\\""]\"",\""[\\\""number\\\"",\\\""5553778\\\""]\"",\""[\\\""RAW_LANGUAGE_SCOPE_V1\\\"",\\\""[\\\\\\\""number\\\\\\\"",\\\\\\\""4\\\\\\\""]\\\"",[\\\""string\\\"",\\\""西语\\\""]]\""]""]",IGNORE_NON_CONTENT,CROSS_REVIEW_FINAL,TIER_1_STRONG,0.93,4/4一致：格式/兜底/目录型token，无独立内容检索语义（Others/短篇/图书家族）,NONE_IDENTIFIED
c2b06f62ae95e2d4b4351964e59eff5bc08cbf4d3e59e153dd0ac14a95b95161,3fda733595f3abd5539d640d3bf89aa9b79bcb08277c19e09db7f3de24eca45e,changdu-app,"[""RAW_LANGUAGE_SCOPE_V1"",""[\""number\"",\""6\""]"",[""string"",""法语""]]",FR,Autres,QXV0cmVz,eaa2318178c83b85c5aa677eb3ef6be74372b36353b33a3921ba83b2c4624cf1,16,16,16,"[""[\""LANE_B_BOOK_ID_V1\"",\""[\\\""string\\\"",\\\""changdu-app\\\""]\"",\""[\\\""number\\\"",\\\""5577469\\\""]\"",\""[\\\""RAW_LANGUAGE_SCOPE_V1\\\"",\\\""[\\\\\\\""number\\\\\\\"",\\\\\\\""6\\\\\\\""]\\\"",[\\\""string\\\"",\\\""法语\\\""]]\""]"",""[\""LANE_B_BOOK_ID_V1\"",\""[\\\""string\\\"",\\\""changdu-app\\\""]\"",\""[\\\""number\\\"",\\\""5556061\\\""]\"",\""[\\\""RAW_LANGUAGE_SCOPE_V1\\\"",\\\""[\\\\\\\""number\\\\\\\"",\\\\\\\""6\\\\\\\""]\\\"",[\\\""string\\\"",\\\""法语\\\""]]\""]"",""[\""LANE_B_BOOK_ID_V1\"",\""[\\\""string\\\"",\\\""changdu-app\\\""]\"",\""[\\\""number\\\"",\\\""5554031\\\""]\"",\""[\\\""RAW_LANGUAGE_SCOPE_V1\\\"",\\\""[\\\\\\\""number\\\\\\\"",\\\\\\\""6\\\\\\\""]\\\"",[\\\""string\\\"",\\\""法语\\\""]]\""]"",""[\""LANE_B_BOOK_ID_V1\"",\""[\\\""string\\\"",\\\""changdu-app\\\""]\"",\""[\\\""number\\\"",\\\""5553934\\\""]\"",\""[\\\""RAW_LANGUAGE_SCOPE_V1\\\"",\\\""[\\\\\\\""number\\\\\\\"",\\\\\\\""6\\\\\\\""]\\\"",[\\\""string\\\"",\\\""法语\\\""]]\""]"",""[\""LANE_B_BOOK_ID_V1\"",\""[\\\""string\\\"",\\\""changdu-app\\\""]\"",\""[\\\""number\\\"",\\\""5555459\\\""]\"",\""[\\\""RAW_LANGUAGE_SCOPE_V1\\\"",\\\""[\\\\\\\""number\\\\\\\"",\\\\\\\""6\\\\\\\""]\\\"",[\\\""string\\\"",\\\""法语\\\""]]\""]""]",IGNORE_NON_CONTENT,CROSS_REVIEW_FINAL,TIER_1_STRONG,0.94,4/4一致：格式/兜底/目录型token，无独立内容检索语义（Others/短篇/图书家族）,NONE_IDENTIFIED
15406c6ebbc42b881ba3801e0730faf1f50349be5d18ef584b3de91aeb5138b6,20a54a8b49a89033e4d089653f86504597f2fed5d1b4a7154efab72ec2bccaca,changdu-app,"[""RAW_LANGUAGE_SCOPE_V1"",""[\""number\"",\""6\""]"",[""string"",""法语""]]",FR,Aventure,QXZlbnR1cmU=,9041de6d46d70592cc5370cd1aa075ad2284581447ee4b408100afb3e1bd7024,55,55,55,"[""[\""LANE_B_BOOK_ID_V1\"",\""[\\\""string\\\"",\\\""changdu-app\\\""]\"",\""[\\\""number\\\"",\\\""1040466276\\\""]\"",\""[\\\""RAW_LANGUAGE_SCOPE_V1\\\"",\\\""[\\\\\\\""number\\\\\\\"",\\\\\\\""6\\\\\\\""]\\\"",[\\\""string\\\"",\\\""法语\\\""]]\""]"",""[\""LANE_B_BOOK_ID_V1\"",\""[\\\""string\\\"",\\\""changdu-app\\\""]\"",\""[\\\""number\\\"",\\\""1040466283\\\""]\"",\""[\\\""RAW_LANGUAGE_SCOPE_V1\\\"",\\\""[\\\\\\\""number\\\\\\\"",\\\\\\\""6\\\\\\\""]\\\"",[\\\""string\\\"",\\\""法语\\\""]]\""]"",""[\""LANE_B_BOOK_ID_V1\"",\""[\\\""string\\\"",\\\""changdu-app\\\""]\"",\""[\\\""number\\\"",\\\""1042736492\\\""]\"",\""[\\\""RAW_LANGUAGE_SCOPE_V1\\\"",\\\""[\\\\\\\""number\\\\\\\"",\\\\\\\""6\\\\\\\""]\\\"",[\\\""string\\\"",\\\""法语\\\""]]\""]"",""[\""LANE_B_BOOK_ID_V1\"",\""[\\\""string\\\"",\\\""changdu-app\\\""]\"",\""[\\\""number\\\"",\\\""912179496\\\""]\"",\""[\\\""RAW_LANGUAGE_SCOPE_V1\\\"",\\\""[\\\\\\\""number\\\\\\\"",\\\\\\\""6\\\\\\\""]\\\"",[\\\""string\\\"",\\\""法语\\\""]]\""]"",""[\""LANE_B_BOOK_ID_V1\"",\""[\\\""string\\\"",\\\""changdu-app\\\""]\"",\""[\\\""number\\\"",\\\""914614302\\\""]\"",\""[\\\""RAW_LANGUAGE_SCOPE_V1\\\"",\\\""[\\\\\\\""number\\\\\\\"",\\\\\\\""6\\\\\\\""]\\\"",[\\\""string\\\"",\\\""法语\\\""]]\""]"",""[\""LANE_B_BOOK_ID_V1\"",\""[\\\""string\\\"",\\\""changdu-app\\\""]\"",\""[\\\""number\\\"",\\\""914614305\\\""]\"",\""[\\\""RAW_LANGUAGE_SCOPE_V1\\\"",\\\""[\\\\\\\""number\\\\\\\"",\\\\\\\""6\\\\\\\""]\\\"",[\\\""string\\\"",\\\""法语\\\""]]\""]"",""[\""LANE_B_BOOK_ID_V1\"",\""[\\\""string\\\"",\\\""changdu-app\\\""]\"",\""[\\\""number\\\"",\\\""813009215\\\""]\"",\""[\\\""RAW_LANGUAGE_SCOPE_V1\\\"",\\\""[\\\\\\\""number\\\\\\\"",\\\\\\\""6\\\\\\\""]\\\"",[\\\""string\\\"",\\\""法语\\\""]]\""]"",""[\""LANE_B_BOOK_ID_V1\"",\""[\\\""string\\\"",\\\""changdu-app\\\""]\"",\""[\\\""number\\\"",\\\""760415648\\\""]\"",\""[\\\""RAW_LANGUAGE_SCOPE_V1\\\"",\\\""[\\\\\\\""number\\\\\\\"",\\\\\\\""6\\\\\\\""]\\\"",[\\\""string\\\"",\\\""法语\\\""]]\""]""]",IGNORE_NON_CONTENT,CROSS_REVIEW_FINAL,TIER_5_SOURCE_DIRTY,0.78,Adventure家族=男频侧fallback桶（共现几乎100%男频），无任何稳定内容语义：55/55男频，狼人/情色/复仇混装；与Others同性质，按非内容桶关闭。四家一致反对映射adventure,B/C/D: HUMAN_REVIEW；A: IGNORE——交叉验证后采A（共现+跨10个scope的系统性证据已足够）
a828d42c5e6c0d4c778b45e6fa794f5042eaad6f79969865f550e9dd2e879135,491567dc7121f04aae06e26df0d1c7bbf986157ed24d465e9fa239c70c900071,changdu-app,"[""RAW_LANGUAGE_SCOPE_V1"",""[\""number\"",\""6\""]"",[""string"",""法语""]]",FR,Nouvelle,Tm91dmVsbGU=,85aea9c936e8b68acdee144e69c91222ac479eb66e8eb4ae6a957566d88d7b33,8,8,8,"[""[\""LANE_B_BOOK_ID_V1\"",\""[\\\""string\\\"",\\\""changdu-app\\\""]\"",\""[\\\""number\\\"",\\\""304073561\\\""]\"",\""[\\\""RAW_LANGUAGE_SCOPE_V1\\\"",\\\""[\\\\\\\""number\\\\\\\"",\\\\\\\""6\\\\\\\""]\\\"",[\\\""string\\\"",\\\""法语\\\""]]\""]"",""[\""LANE_B_BOOK_ID_V1\"",\""[\\\""string\\\"",\\\""changdu-app\\\""]\"",\""[\\\""number\\\"",\\\""5573329\\\""]\"",\""[\\\""RAW_LANGUAGE_SCOPE_V1\\\"",\\\""[\\\\\\\""number\\\\\\\"",\\\\\\\""6\\\\\\\""]\\\"",[\\\""string\\\"",\\\""法语\\\""]]\""]"",""[\""LANE_B_BOOK_ID_V1\"",\""[\\\""string\\\"",\\\""changdu-app\\\""]\"",\""[\\\""number\\\"",\\\""5555761\\\""]\"",\""[\\\""RAW_LANGUAGE_SCOPE_V1\\\"",\\\""[\\\\\\\""number\\\\\\\"",\\\\\\\""6\\\\\\\""]\\\"",[\\\""string\\\"",\\\""法语\\\""]]\""]"",""[\""LANE_B_BOOK_ID_V1\"",\""[\\\""string\\\"",\\\""changdu-app\\\""]\"",\""[\\\""number\\\"",\\\""5553968\\\""]\"",\""[\\\""RAW_LANGUAGE_SCOPE_V1\\\"",\\\""[\\\\\\\""number\\\\\\\"",\\\\\\\""6\\\\\\\""]\\\"",[\\\""string\\\"",\\\""法语\\\""]]\""]"",""[\""LANE_B_BOOK_ID_V1\"",\""[\\\""string\\\"",\\\""changdu-app\\\""]\"",\""[\\\""number\\\"",\\\""5541020\\\""]\"",\""[\\\""RAW_LANGUAGE_SCOPE_V1\\\"",\\\""[\\\\\\\""number\\\\\\\"",\\\\\\\""6\\\\\\\""]\\\"",[\\\""string\\\"",\\\""法语\\\""]]\""]""]",IGNORE_NON_CONTENT,CROSS_REVIEW_FINAL,TIER_1_STRONG,0.91,4/4一致：格式/兜底/目录型token，无独立内容检索语义（Others/短篇/图书家族）,NONE_IDENTIFIED
445087aa23fc108b52ce82bce7cfe370f7c5f8b4763a06d18ba7ac425142f599,297f980dd9ffb358ceb18dfc7d0b241d105401a6b67bba1030f23a489c7905bb,changdu-app,"[""RAW_LANGUAGE_SCOPE_V1"",""[\""number\"",\""11\""]"",[""string"",""印尼""]]",ID,Adventure,QWR2ZW50dXJl,9a3c16424750cbde029c47e059f219dc64d8943ac4073a1cc5bc9accd979fc17,57,57,57,"[""[\""LANE_B_BOOK_ID_V1\"",\""[\\\""string\\\"",\\\""changdu-app\\\""]\"",\""[\\\""number\\\"",\\\""542923855\\\""]\"",\""[\\\""RAW_LANGUAGE_SCOPE_V1\\\"",\\\""[\\\\\\\""number\\\\\\\"",\\\\\\\""11\\\\\\\""]\\\"",[\\\""string\\\"",\\\""印尼\\\""]]\""]"",""[\""LANE_B_BOOK_ID_V1\"",\""[\\\""string\\\"",\\\""changdu-app\\\""]\"",\""[\\\""number\\\"",\\\""487743744\\\""]\"",\""[\\\""RAW_LANGUAGE_SCOPE_V1\\\"",\\\""[\\\\\\\""number\\\\\\\"",\\\\\\\""11\\\\\\\""]\\\"",[\\\""string\\\"",\\\""印尼\\\""]]\""]"",""[\""LANE_B_BOOK_ID_V1\"",\""[\\\""string\\\"",\\\""changdu-app\\\""]\"",\""[\\\""number\\\"",\\\""487743745\\\""]\"",\""[\\\""RAW_LANGUAGE_SCOPE_V1\\\"",\\\""[\\\\\\\""number\\\\\\\"",\\\\\\\""11\\\\\\\""]\\\"",[\\\""string\\\"",\\\""印尼\\\""]]\""]"",""[\""LANE_B_BOOK_ID_V1\"",\""[\\\""string\\\"",\\\""changdu-app\\\""]\"",\""[\\\""number\\\"",\\\""5576414\\\""]\"",\""[\\\""RAW_LANGUAGE_SCOPE_V1\\\"",\\\""[\\\\\\\""number\\\\\\\"",\\\\\\\""11\\\\\\\""]\\\"",[\\\""string\\\"",\\\""印尼\\\""]]\""]"",""[\""LANE_B_BOOK_ID_V1\"",\""[\\\""string\\\"",\\\""changdu-app\\\""]\"",\""[\\\""number\\\"",\\\""5575297\\\""]\"",\""[\\\""RAW_LANGUAGE_SCOPE_V1\\\"",\\\""[\\\\\\\""number\\\\\\\"",\\\\\\\""11\\\\\\\""]\\\"",[\\\""string\\\"",\\\""印尼\\\""]]\""]"",""[\""LANE_B_BOOK_ID_V1\"",\""[\\\""string\\\"",\\\""changdu-app\\\""]\"",\""[\\\""number\\\"",\\\""5575521\\\""]\"",\""[\\\""RAW_LANGUAGE_SCOPE_V1\\\"",\\\""[\\\\\\\""number\\\\\\\"",\\\\\\\""11\\\\\\\""]\\\"",[\\\""string\\\"",\\\""印尼\\\""]]\""]"",""[\""LANE_B_BOOK_ID_V1\"",\""[\\\""string\\\"",\\\""changdu-app\\\""]\"",\""[\\\""number\\\"",\\\""5574807\\\""]\"",\""[\\\""RAW_LANGUAGE_SCOPE_V1\\\"",\\\""[\\\\\\\""number\\\\\\\"",\\\\\\\""11\\\\\\\""]\\\"",[\\\""string\\\"",\\\""印尼\\\""]]\""]"",""[\""LANE_B_BOOK_ID_V1\"",\""[\\\""string\\\"",\\\""changdu-app\\\""]\"",\""[\\\""number\\\"",\\\""5576664\\\""]\"",\""[\\\""RAW_LANGUAGE_SCOPE_V1\\\"",\\\""[\\\\\\\""number\\\\\\\"",\\\\\\\""11\\\\\\\""]\\\"",[\\\""string\\\"",\\\""印尼\\\""]]\""]""]",IGNORE_NON_CONTENT,CROSS_REVIEW_FINAL,TIER_5_SOURCE_DIRTY,0.78,Adventure家族=男频侧fallback桶（共现几乎100%男频），无任何稳定内容语义：书证为校园丑闻/牛郎/情色；与Others同性质，按非内容桶关闭。四家一致反对映射adventure,B/C/D: HUMAN_REVIEW；A: IGNORE——交叉验证后采A（共现+跨10个scope的系统性证据已足够）
0ed6632556b73d348951c13ccdf6a1df69c5d05698e3111f1bfcdcfa3663ec74,0a2ce57f1a53fe40e23e17e22c58b854934fb065f28fe34cb3b7a5f3aebb31e3,changdu-app,"[""RAW_LANGUAGE_SCOPE_V1"",""[\""number\"",\""11\""]"",[""string"",""印尼""]]",ID,Cerita pendek,Q2VyaXRhIHBlbmRlaw==,18efbfac03193c2076285c288e96da1c288be41150909a6efaaf178711705c0f,15,15,15,"[""[\""LANE_B_BOOK_ID_V1\"",\""[\\\""string\\\"",\\\""changdu-app\\\""]\"",\""[\\\""number\\\"",\\\""5537057\\\""]\"",\""[\\\""RAW_LANGUAGE_SCOPE_V1\\\"",\\\""[\\\\\\\""number\\\\\\\"",\\\\\\\""11\\\\\\\""]\\\"",[\\\""string\\\"",\\\""印尼\\\""]]\""]"",""[\""LANE_B_BOOK_ID_V1\"",\""[\\\""string\\\"",\\\""changdu-app\\\""]\"",\""[\\\""number\\\"",\\\""5543120\\\""]\"",\""[\\\""RAW_LANGUAGE_SCOPE_V1\\\"",\\\""[\\\\\\\""number\\\\\\\"",\\\\\\\""11\\\\\\\""]\\\"",[\\\""string\\\"",\\\""印尼\\\""]]\""]"",""[\""LANE_B_BOOK_ID_V1\"",\""[\\\""string\\\"",\\\""changdu-app\\\""]\"",\""[\\\""number\\\"",\\\""980308064\\\""]\"",\""[\\\""RAW_LANGUAGE_SCOPE_V1\\\"",\\\""[\\\\\\\""number\\\\\\\"",\\\\\\\""11\\\\\\\""]\\\"",[\\\""string\\\"",\\\""印尼\\\""]]\""]"",""[\""LANE_B_BOOK_ID_V1\"",\""[\\\""string\\\"",\\\""changdu-app\\\""]\"",\""[\\\""number\\\"",\\\""980308060\\\""]\"",\""[\\\""RAW_LANGUAGE_SCOPE_V1\\\"",\\\""[\\\\\\\""number\\\\\\\"",\\\\\\\""11\\\\\\\""]\\\"",[\\\""string\\\"",\\\""印尼\\\""]]\""]"",""[\""LANE_B_BOOK_ID_V1\"",\""[\\\""string\\\"",\\\""changdu-app\\\""]\"",\""[\\\""number\\\"",\\\""980308062\\\""]\"",\""[\\\""RAW_LANGUAGE_SCOPE_V1\\\"",\\\""[\\\\\\\""number\\\\\\\"",\\\\\\\""11\\\\\\\""]\\\"",[\\\""string\\\"",\\\""印尼\\\""]]\""]""]",IGNORE_NON_CONTENT,CROSS_REVIEW_FINAL,TIER_1_STRONG,0.91,4/4一致：格式/兜底/目录型token，无独立内容检索语义（Others/短篇/图书家族）,NONE_IDENTIFIED
7279a4dc275610cb56646dce47c635efb1641a93937111829f83c8fbef0159e6,1e0c415a0ba8d30621c618162e955712ae93860ae3aa6ea7ac71f9a4b88a0e34,changdu-app,"[""RAW_LANGUAGE_SCOPE_V1"",""[\""number\"",\""11\""]"",[""string"",""印尼""]]",ID,Lainnya,TGFpbm55YQ==,09036af8b72c03e6bae8dbfa830724d2c16d07af68754060d3ac0c76b4710478,29,29,29,"[""[\""LANE_B_BOOK_ID_V1\"",\""[\\\""string\\\"",\\\""changdu-app\\\""]\"",\""[\\\""number\\\"",\\\""126307081\\\""]\"",\""[\\\""RAW_LANGUAGE_SCOPE_V1\\\"",\\\""[\\\\\\\""number\\\\\\\"",\\\\\\\""11\\\\\\\""]\\\"",[\\\""string\\\"",\\\""印尼\\\""]]\""]"",""[\""LANE_B_BOOK_ID_V1\"",\""[\\\""string\\\"",\\\""changdu-app\\\""]\"",\""[\\\""number\\\"",\\\""5576917\\\""]\"",\""[\\\""RAW_LANGUAGE_SCOPE_V1\\\"",\\\""[\\\\\\\""number\\\\\\\"",\\\\\\\""11\\\\\\\""]\\\"",[\\\""string\\\"",\\\""印尼\\\""]]\""]"",""[\""LANE_B_BOOK_ID_V1\"",\""[\\\""string\\\"",\\\""changdu-app\\\""]\"",\""[\\\""number\\\"",\\\""5574804\\\""]\"",\""[\\\""RAW_LANGUAGE_SCOPE_V1\\\"",\\\""[\\\\\\\""number\\\\\\\"",\\\\\\\""11\\\\\\\""]\\\"",[\\\""string\\\"",\\\""印尼\\\""]]\""]"",""[\""LANE_B_BOOK_ID_V1\"",\""[\\\""string\\\"",\\\""changdu-app\\\""]\"",\""[\\\""number\\\"",\\\""5574816\\\""]\"",\""[\\\""RAW_LANGUAGE_SCOPE_V1\\\"",\\\""[\\\\\\\""number\\\\\\\"",\\\\\\\""11\\\\\\\""]\\\"",[\\\""string\\\"",\\\""印尼\\\""]]\""]"",""[\""LANE_B_BOOK_ID_V1\"",\""[\\\""string\\\"",\\\""changdu-app\\\""]\"",\""[\\\""number\\\"",\\\""5577373\\\""]\"",\""[\\\""RAW_LANGUAGE_SCOPE_V1\\\"",\\\""[\\\\\\\""number\\\\\\\"",\\\\\\\""11\\\\\\\""]\\\"",[\\\""string\\\"",\\\""印尼\\\""]]\""]"",""[\""LANE_B_BOOK_ID_V1\"",\""[\\\""string\\\"",\\\""changdu-app\\\""]\"",\""[\\\""number\\\"",\\\""5573518\\\""]\"",\""[\\\""RAW_LANGUAGE_SCOPE_V1\\\"",\\\""[\\\\\\\""number\\\\\\\"",\\\\\\\""11\\\\\\\""]\\\"",[\\\""string\\\"",\\\""印尼\\\""]]\""]""]",IGNORE_NON_CONTENT,CROSS_REVIEW_FINAL,TIER_1_STRONG,0.94,4/4一致：格式/兜底/目录型token，无独立内容检索语义（Others/短篇/图书家族）,NONE_IDENTIFIED
7bb0ba713a5f82348bcc7386eec554693c96ce1dd655a6dee811d5dcb1fe1bc8,efab4055a4fd1988d189a911fe43d8afc82d3f2abaceea06461038fac2a97917,changdu-app,"[""RAW_LANGUAGE_SCOPE_V1"",""[\""number\"",\""11\""]"",[""string"",""印尼""]]",ID,Lebih,TGViaWg=,d2858192ddd62b95edcfce5c3676e8239e9f336d7edca6f36738e6007a55be38,6,6,6,"[""[\""LANE_B_BOOK_ID_V1\"",\""[\\\""string\\\"",\\\""changdu-app\\\""]\"",\""[\\\""number\\\"",\\\""5575813\\\""]\"",\""[\\\""RAW_LANGUAGE_SCOPE_V1\\\"",\\\""[\\\\\\\""number\\\\\\\"",\\\\\\\""11\\\\\\\""]\\\"",[\\\""string\\\"",\\\""印尼\\\""]]\""]"",""[\""LANE_B_BOOK_ID_V1\"",\""[\\\""string\\\"",\\\""changdu-app\\\""]\"",\""[\\\""number\\\"",\\\""5543779\\\""]\"",\""[\\\""RAW_LANGUAGE_SCOPE_V1\\\"",\\\""[\\\\\\\""number\\\\\\\"",\\\\\\\""11\\\\\\\""]\\\"",[\\\""string\\\"",\\\""印尼\\\""]]\""]"",""[\""LANE_B_BOOK_ID_V1\"",\""[\\\""string\\\"",\\\""changdu-app\\\""]\"",\""[\\\""number\\\"",\\\""5538948\\\""]\"",\""[\\\""RAW_LANGUAGE_SCOPE_V1\\\"",\\\""[\\\\\\\""number\\\\\\\"",\\\\\\\""11\\\\\\\""]\\\"",[\\\""string\\\"",\\\""印尼\\\""]]\""]"",""[\""LANE_B_BOOK_ID_V1\"",\""[\\\""string\\\"",\\\""changdu-app\\\""]\"",\""[\\\""number\\\"",\\\""5534667\\\""]\"",\""[\\\""RAW_LANGUAGE_SCOPE_V1\\\"",\\\""[\\\\\\\""number\\\\\\\"",\\\\\\\""11\\\\\\\""]\\\"",[\\\""string\\\"",\\\""印尼\\\""]]\""]"",""[\""LANE_B_BOOK_ID_V1\"",\""[\\\""string\\\"",\\\""changdu-app\\\""]\"",\""[\\\""number\\\"",\\\""5530049\\\""]\"",\""[\\\""RAW_LANGUAGE_SCOPE_V1\\\"",\\\""[\\\\\\\""number\\\\\\\"",\\\\\\\""11\\\\\\\""]\\\"",[\\\""string\\\"",\\\""印尼\\\""]]\""]""]",IGNORE_NON_CONTENT,CROSS_REVIEW_FINAL,TIER_1_STRONG,0.94,4/4一致：格式/兜底/目录型token，无独立内容检索语义（Others/短篇/图书家族）,NONE_IDENTIFIED
cf951f2dd727b0e269c3f45ec75fc57905b9c67bb291a764a6a10c04fd79868e,8001ca72c39b9af8735dea6d18199814bd24f82532a1cb291075f8243b9c7920,changdu-app,"[""RAW_LANGUAGE_SCOPE_V1"",""[\""number\"",\""9\""]"",[""string"",""日语""]]",JA,その他,44Gd44Gu5LuW,f13156650ea41e28155a9af4007f6337b859a653aa71a6c2b2808111af1c3e88,5,5,5,"[""[\""LANE_B_BOOK_ID_V1\"",\""[\\\""string\\\"",\\\""changdu-app\\\""]\"",\""[\\\""number\\\"",\\\""453307727\\\""]\"",\""[\\\""RAW_LANGUAGE_SCOPE_V1\\\"",\\\""[\\\\\\\""number\\\\\\\"",\\\\\\\""9\\\\\\\""]\\\"",[\\\""string\\\"",\\\""日语\\\""]]\""]"",""[\""LANE_B_BOOK_ID_V1\"",\""[\\\""string\\\"",\\\""changdu-app\\\""]\"",\""[\\\""number\\\"",\\\""453307803\\\""]\"",\""[\\\""RAW_LANGUAGE_SCOPE_V1\\\"",\\\""[\\\\\\\""number\\\\\\\"",\\\\\\\""9\\\\\\\""]\\\"",[\\\""string\\\"",\\\""日语\\\""]]\""]"",""[\""LANE_B_BOOK_ID_V1\"",\""[\\\""string\\\"",\\\""changdu-app\\\""]\"",\""[\\\""number\\\"",\\\""453008980\\\""]\"",\""[\\\""RAW_LANGUAGE_SCOPE_V1\\\"",\\\""[\\\\\\\""number\\\\\\\"",\\\\\\\""9\\\\\\\""]\\\"",[\\\""string\\\"",\\\""日语\\\""]]\""]"",""[\""LANE_B_BOOK_ID_V1\"",\""[\\\""string\\\"",\\\""changdu-app\\\""]\"",\""[\\\""number\\\"",\\\""5557500\\\""]\"",\""[\\\""RAW_LANGUAGE_SCOPE_V1\\\"",\\\""[\\\\\\\""number\\\\\\\"",\\\\\\\""9\\\\\\\""]\\\"",[\\\""string\\\"",\\\""日语\\\""]]\""]"",""[\""LANE_B_BOOK_ID_V1\"",\""[\\\""string\\\"",\\\""changdu-app\\\""]\"",\""[\\\""number\\\"",\\\""3891845\\\""]\"",\""[\\\""RAW_LANGUAGE_SCOPE_V1\\\"",\\\""[\\\\\\\""number\\\\\\\"",\\\\\\\""9\\\\\\\""]\\\"",[\\\""string\\\"",\\\""日语\\\""]]\""]""]",IGNORE_NON_CONTENT,CROSS_REVIEW_FINAL,TIER_1_STRONG,0.94,4/4一致：格式/兜底/目录型token，无独立内容检索语义（Others/短篇/图书家族）,NONE_IDENTIFIED
30635c97e77708cac815dee8faaa708ebcccf844eaf7e1019a4d628a99b00cad,9eb0d3e212de9253ea2c968186d117cc95182699601882dc5bf6d89a6dc81da3,changdu-app,"[""RAW_LANGUAGE_SCOPE_V1"",""[\""number\"",\""9\""]"",[""string"",""日语""]]",JA,短編,55+t57eo,cc22a31b19386eb2f258a1010904d0c2d3f323f18ad1c8cf996508e10b93b9d1,4,4,4,"[""[\""LANE_B_BOOK_ID_V1\"",\""[\\\""string\\\"",\\\""changdu-app\\\""]\"",\""[\\\""number\\\"",\\\""980307947\\\""]\"",\""[\\\""RAW_LANGUAGE_SCOPE_V1\\\"",\\\""[\\\\\\\""number\\\\\\\"",\\\\\\\""9\\\\\\\""]\\\"",[\\\""string\\\"",\\\""日语\\\""]]\""]"",""[\""LANE_B_BOOK_ID_V1\"",\""[\\\""string\\\"",\\\""changdu-app\\\""]\"",\""[\\\""number\\\"",\\\""980307948\\\""]\"",\""[\\\""RAW_LANGUAGE_SCOPE_V1\\\"",\\\""[\\\\\\\""number\\\\\\\"",\\\\\\\""9\\\\\\\""]\\\"",[\\\""string\\\"",\\\""日语\\\""]]\""]"",""[\""LANE_B_BOOK_ID_V1\"",\""[\\\""string\\\"",\\\""changdu-app\\\""]\"",\""[\\\""number\\\"",\\\""980307950\\\""]\"",\""[\\\""RAW_LANGUAGE_SCOPE_V1\\\"",\\\""[\\\\\\\""number\\\\\\\"",\\\\\\\""9\\\\\\\""]\\\"",[\\\""string\\\"",\\\""日语\\\""]]\""]"",""[\""LANE_B_BOOK_ID_V1\"",\""[\\\""string\\\"",\\\""changdu-app\\\""]\"",\""[\\\""number\\\"",\\\""980307949\\\""]\"",\""[\\\""RAW_LANGUAGE_SCOPE_V1\\\"",\\\""[\\\\\\\""number\\\\\\\"",\\\\\\\""9\\\\\\\""]\\\"",[\\\""string\\\"",\\\""日语\\\""]]\""]""]",IGNORE_NON_CONTENT,CROSS_REVIEW_FINAL,TIER_1_STRONG,0.91,4/4一致：格式/兜底/目录型token，无独立内容检索语义（Others/短篇/图书家族）,NONE_IDENTIFIED
3f9cd2691065567f2ed4711b7d857e6cc6eb5146395d7e13c5ef7b78d168984e,e70312a80be3e0356dc394e97a1c342ce22f85fc03f99733e28eef0af203d8dd,changdu-app,"[""RAW_LANGUAGE_SCOPE_V1"",""[\""number\"",\""14\""]"",[""string"",""韩语""]]",KO,단편 소설,64uo7Y64IOyGjOyEpA==,ae98ce83f166a5d349b75ebd7392d10d1dfe450c34177bd85f906f8f9428fc4a,1,1,1,"[""[\""LANE_B_BOOK_ID_V1\"",\""[\\\""string\\\"",\\\""changdu-app\\\""]\"",\""[\\\""number\\\"",\\\""5546517\\\""]\"",\""[\\\""RAW_LANGUAGE_SCOPE_V1\\\"",\\\""[\\\\\\\""number\\\\\\\"",\\\\\\\""14\\\\\\\""]\\\"",[\\\""string\\\"",\\\""韩语\\\""]]\""]""]",IGNORE_NON_CONTENT,CROSS_REVIEW_FINAL,TIER_1_STRONG,0.91,4/4一致：格式/兜底/目录型token，无独立内容检索语义（Others/短篇/图书家族）,NONE_IDENTIFIED
d122273518e9b945682d096dd7b105c26d5898f6558baac107d828e68e7f36f2,3516e8820adfce01295b95b951ddb2390c8b225c253b4de7045aec034be3ff8c,changdu-app,"[""RAW_LANGUAGE_SCOPE_V1"",""[\""number\"",\""14\""]"",[""string"",""韩语""]]",KO,모험,66qo7ZeY,0c049d153295cdda041fdf3d2b01c57b21b6f01f8adaf3019d18907c41e0ef49,1,1,1,"[""[\""LANE_B_BOOK_ID_V1\"",\""[\\\""string\\\"",\\\""changdu-app\\\""]\"",\""[\\\""number\\\"",\\\""5592494\\\""]\"",\""[\\\""RAW_LANGUAGE_SCOPE_V1\\\"",\\\""[\\\\\\\""number\\\\\\\"",\\\\\\\""14\\\\\\\""]\\\"",[\\\""string\\\"",\\\""韩语\\\""]]\""]""]",IGNORE_NON_CONTENT,CROSS_REVIEW_FINAL,TIER_5_SOURCE_DIRTY,0.68,Adventure家族=男频侧fallback桶（共现几乎100%男频），无任何稳定内容语义：唯一书证为戴王冠的王子（言情）；与Others同性质，按非内容桶关闭。四家一致反对映射adventure,B/C/D: HUMAN_REVIEW；A: IGNORE——交叉验证后采A（共现+跨10个scope的系统性证据已足够）
77b947889d3bbf441dfb5a829e334cbd437a9a8f06f660f284ca05adcfe4d5e5,c1e7ddf4c9b24fb7ba6ef855dfc5272177220b4757d20e9596c1dd4dd86ba2b9,changdu-app,"[""RAW_LANGUAGE_SCOPE_V1"",""[\""number\"",\""5\""]"",[""string"",""葡语""]]",PT,Aventura,QXZlbnR1cmE=,edac19050590702c79bee4e6d1cb17ceba8f854714bf6179ca697921a9022337,36,36,36,"[""[\""LANE_B_BOOK_ID_V1\"",\""[\\\""string\\\"",\\\""changdu-app\\\""]\"",\""[\\\""number\\\"",\\\""5531605\\\""]\"",\""[\\\""RAW_LANGUAGE_SCOPE_V1\\\"",\\\""[\\\\\\\""number\\\\\\\"",\\\\\\\""5\\\\\\\""]\\\"",[\\\""string\\\"",\\\""葡语\\\""]]\""]"",""[\""LANE_B_BOOK_ID_V1\"",\""[\\\""string\\\"",\\\""changdu-app\\\""]\"",\""[\\\""number\\\"",\\\""914614296\\\""]\"",\""[\\\""RAW_LANGUAGE_SCOPE_V1\\\"",\\\""[\\\\\\\""number\\\\\\\"",\\\\\\\""5\\\\\\\""]\\\"",[\\\""string\\\"",\\\""葡语\\\""]]\""]"",""[\""LANE_B_BOOK_ID_V1\"",\""[\\\""string\\\"",\\\""changdu-app\\\""]\"",\""[\\\""number\\\"",\\\""617732048\\\""]\"",\""[\\\""RAW_LANGUAGE_SCOPE_V1\\\"",\\\""[\\\\\\\""number\\\\\\\"",\\\\\\\""5\\\\\\\""]\\\"",[\\\""string\\\"",\\\""葡语\\\""]]\""]"",""[\""LANE_B_BOOK_ID_V1\"",\""[\\\""string\\\"",\\\""changdu-app\\\""]\"",\""[\\\""number\\\"",\\\""521198491\\\""]\"",\""[\\\""RAW_LANGUAGE_SCOPE_V1\\\"",\\\""[\\\\\\\""number\\\\\\\"",\\\\\\\""5\\\\\\\""]\\\"",[\\\""string\\\"",\\\""葡语\\\""]]\""]"",""[\""LANE_B_BOOK_ID_V1\"",\""[\\\""string\\\"",\\\""changdu-app\\\""]\"",\""[\\\""number\\\"",\\\""485039040\\\""]\"",\""[\\\""RAW_LANGUAGE_SCOPE_V1\\\"",\\\""[\\\\\\\""number\\\\\\\"",\\\\\\\""5\\\\\\\""]\\\"",[\\\""string\\\"",\\\""葡语\\\""]]\""]"",""[\""LANE_B_BOOK_ID_V1\"",\""[\\\""string\\\"",\\\""changdu-app\\\""]\"",\""[\\\""number\\\"",\\\""341000831\\\""]\"",\""[\\\""RAW_LANGUAGE_SCOPE_V1\\\"",\\\""[\\\\\\\""number\\\\\\\"",\\\\\\\""5\\\\\\\""]\\\"",[\\\""string\\\"",\\\""葡语\\\""]]\""]""]",IGNORE_NON_CONTENT,CROSS_REVIEW_FINAL,TIER_5_SOURCE_DIRTY,0.72,Adventure家族fallback桶：书证为18+情色合集/CEO言情/狼人混装，无稳定语义；按非内容桶关闭,B: modern-romance（会把情色合集灌入现代言情页，未采纳）；C/D: HUMAN_REVIEW
afc88faa7f36064fa098b101bdc4b90c462e246e9eb151d369cd1b7f6b839e34,f77bc2357aa7ccb89cd27ff8379a610fad9581993c23b33a836166814f9ec52f,changdu-app,"[""RAW_LANGUAGE_SCOPE_V1"",""[\""number\"",\""5\""]"",[""string"",""葡语""]]",PT,Contos,Q29udG9z,ff5e79d6a84f53b1e38691002a7caf61d38830cc5236ac4a0ce262692b922d92,16,16,16,"[""[\""LANE_B_BOOK_ID_V1\"",\""[\\\""string\\\"",\\\""changdu-app\\\""]\"",\""[\\\""number\\\"",\\\""5538256\\\""]\"",\""[\\\""RAW_LANGUAGE_SCOPE_V1\\\"",\\\""[\\\\\\\""number\\\\\\\"",\\\\\\\""5\\\\\\\""]\\\"",[\\\""string\\\"",\\\""葡语\\\""]]\""]"",""[\""LANE_B_BOOK_ID_V1\"",\""[\\\""string\\\"",\\\""changdu-app\\\""]\"",\""[\\\""number\\\"",\\\""1680948\\\""]\"",\""[\\\""RAW_LANGUAGE_SCOPE_V1\\\"",\\\""[\\\\\\\""number\\\\\\\"",\\\\\\\""5\\\\\\\""]\\\"",[\\\""string\\\"",\\\""葡语\\\""]]\""]"",""[\""LANE_B_BOOK_ID_V1\"",\""[\\\""string\\\"",\\\""changdu-app\\\""]\"",\""[\\\""number\\\"",\\\""5529839\\\""]\"",\""[\\\""RAW_LANGUAGE_SCOPE_V1\\\"",\\\""[\\\\\\\""number\\\\\\\"",\\\\\\\""5\\\\\\\""]\\\"",[\\\""string\\\"",\\\""葡语\\\""]]\""]"",""[\""LANE_B_BOOK_ID_V1\"",\""[\\\""string\\\"",\\\""changdu-app\\\""]\"",\""[\\\""number\\\"",\\\""5532798\\\""]\"",\""[\\\""RAW_LANGUAGE_SCOPE_V1\\\"",\\\""[\\\\\\\""number\\\\\\\"",\\\\\\\""5\\\\\\\""]\\\"",[\\\""string\\\"",\\\""葡语\\\""]]\""]"",""[\""LANE_B_BOOK_ID_V1\"",\""[\\\""string\\\"",\\\""changdu-app\\\""]\"",\""[\\\""number\\\"",\\\""980307943\\\""]\"",\""[\\\""RAW_LANGUAGE_SCOPE_V1\\\"",\\\""[\\\\\\\""number\\\\\\\"",\\\\\\\""5\\\\\\\""]\\\"",[\\\""string\\\"",\\\""葡语\\\""]]\""]""]",IGNORE_NON_CONTENT,CROSS_REVIEW_FINAL,TIER_1_STRONG,0.91,4/4一致：格式/兜底/目录型token，无独立内容检索语义（Others/短篇/图书家族）,NONE_IDENTIFIED
440e2846237c62a076109b4fc7fe4f49cdf55f075e045b29892766766f3e9df5,7f92d8dffe680d8866c5d9c8203bf1639a5a704b1f1060b582edbb6ba6efe94d,changdu-app,"[""RAW_LANGUAGE_SCOPE_V1"",""[\""number\"",\""5\""]"",[""string"",""葡语""]]",PT,Outras,T3V0cmFz,fd23c9f03f44eb4932fc5dc9a5b4b25df13125e850965845bdccb79bcab41256,16,16,16,"[""[\""LANE_B_BOOK_ID_V1\"",\""[\\\""string\\\"",\\\""changdu-app\\\""]\"",\""[\\\""number\\\"",\\\""931593315\\\""]\"",\""[\\\""RAW_LANGUAGE_SCOPE_V1\\\"",\\\""[\\\\\\\""number\\\\\\\"",\\\\\\\""5\\\\\\\""]\\\"",[\\\""string\\\"",\\\""葡语\\\""]]\""]"",""[\""LANE_B_BOOK_ID_V1\"",\""[\\\""string\\\"",\\\""changdu-app\\\""]\"",\""[\\\""number\\\"",\\\""5529372\\\""]\"",\""[\\\""RAW_LANGUAGE_SCOPE_V1\\\"",\\\""[\\\\\\\""number\\\\\\\"",\\\\\\\""5\\\\\\\""]\\\"",[\\\""string\\\"",\\\""葡语\\\""]]\""]"",""[\""LANE_B_BOOK_ID_V1\"",\""[\\\""string\\\"",\\\""changdu-app\\\""]\"",\""[\\\""number\\\"",\\\""5529910\\\""]\"",\""[\\\""RAW_LANGUAGE_SCOPE_V1\\\"",\\\""[\\\\\\\""number\\\\\\\"",\\\\\\\""5\\\\\\\""]\\\"",[\\\""string\\\"",\\\""葡语\\\""]]\""]"",""[\""LANE_B_BOOK_ID_V1\"",\""[\\\""string\\\"",\\\""changdu-app\\\""]\"",\""[\\\""number\\\"",\\\""5529912\\\""]\"",\""[\\\""RAW_LANGUAGE_SCOPE_V1\\\"",\\\""[\\\\\\\""number\\\\\\\"",\\\\\\\""5\\\\\\\""]\\\"",[\\\""string\\\"",\\\""葡语\\\""]]\""]"",""[\""LANE_B_BOOK_ID_V1\"",\""[\\\""string\\\"",\\\""changdu-app\\\""]\"",\""[\\\""number\\\"",\\\""5529977\\\""]\"",\""[\\\""RAW_LANGUAGE_SCOPE_V1\\\"",\\\""[\\\\\\\""number\\\\\\\"",\\\\\\\""5\\\\\\\""]\\\"",[\\\""string\\\"",\\\""葡语\\\""]]\""]""]",IGNORE_NON_CONTENT,CROSS_REVIEW_FINAL,TIER_1_STRONG,0.94,4/4一致：格式/兜底/目录型token，无独立内容检索语义（Others/短篇/图书家族）,NONE_IDENTIFIED
883f36a38511a9bb773752492709def9b8cfa84d40a8b5ece3a44b4ee8d54c2f,44542699d78f27e82fbf92c0169036c1d63d0499ecd84ae55e2f48cdb2ccbc24,changdu-app,"[""RAW_LANGUAGE_SCOPE_V1"",""[\""number\"",\""7\""]"",[""string"",""俄语""]]",RU,Приключе,0J/RgNC40LrQu9GO0YfQtQ==,7f79730787eaec3447976fe5e68b547d5d37c3e5b11e870e0b5a06be0282977f,14,14,14,"[""[\""LANE_B_BOOK_ID_V1\"",\""[\\\""string\\\"",\\\""changdu-app\\\""]\"",\""[\\\""number\\\"",\\\""75115396\\\""]\"",\""[\\\""RAW_LANGUAGE_SCOPE_V1\\\"",\\\""[\\\\\\\""number\\\\\\\"",\\\\\\\""7\\\\\\\""]\\\"",[\\\""string\\\"",\\\""俄语\\\""]]\""]"",""[\""LANE_B_BOOK_ID_V1\"",\""[\\\""string\\\"",\\\""changdu-app\\\""]\"",\""[\\\""number\\\"",\\\""5569635\\\""]\"",\""[\\\""RAW_LANGUAGE_SCOPE_V1\\\"",\\\""[\\\\\\\""number\\\\\\\"",\\\\\\\""7\\\\\\\""]\\\"",[\\\""string\\\"",\\\""俄语\\\""]]\""]"",""[\""LANE_B_BOOK_ID_V1\"",\""[\\\""string\\\"",\\\""changdu-app\\\""]\"",\""[\\\""number\\\"",\\\""5559355\\\""]\"",\""[\\\""RAW_LANGUAGE_SCOPE_V1\\\"",\\\""[\\\\\\\""number\\\\\\\"",\\\\\\\""7\\\\\\\""]\\\"",[\\\""string\\\"",\\\""俄语\\\""]]\""]"",""[\""LANE_B_BOOK_ID_V1\"",\""[\\\""string\\\"",\\\""changdu-app\\\""]\"",\""[\\\""number\\\"",\\\""5557089\\\""]\"",\""[\\\""RAW_LANGUAGE_SCOPE_V1\\\"",\\\""[\\\\\\\""number\\\\\\\"",\\\\\\\""7\\\\\\\""]\\\"",[\\\""string\\\"",\\\""俄语\\\""]]\""]"",""[\""LANE_B_BOOK_ID_V1\"",\""[\\\""string\\\"",\\\""changdu-app\\\""]\"",\""[\\\""number\\\"",\\\""5559564\\\""]\"",\""[\\\""RAW_LANGUAGE_SCOPE_V1\\\"",\\\""[\\\\\\\""number\\\\\\\"",\\\\\\\""7\\\\\\\""]\\\"",[\\\""string\\\"",\\\""俄语\\\""]]\""]""]",IGNORE_NON_CONTENT,CROSS_REVIEW_FINAL,TIER_5_SOURCE_DIRTY,0.75,Adventure家族=男频侧fallback桶（共现几乎100%男频），无任何稳定内容语义：14/14男频，珐琅工匠/绑架言情/苏丹；与Others同性质，按非内容桶关闭。四家一致反对映射adventure,B/C/D: HUMAN_REVIEW；A: IGNORE——交叉验证后采A（共现+跨10个scope的系统性证据已足够）
3ff3f3be6bd51d40da4637a41f4696b166124be2ec161d13a9c8aa75f9a3054f,7bef5788f4fecb91b5b288ae636087a9aa7eeb112333a437579e560b8b0a9ba1,changdu-app,"[""RAW_LANGUAGE_SCOPE_V1"",""[\""number\"",\""7\""]"",[""string"",""俄语""]]",RU,Разное,0KDQsNC30L3QvtC1,f103e672539618302e8c30913e4e03c613526483602ef3f35554ccfdc0728e68,2,2,2,"[""[\""LANE_B_BOOK_ID_V1\"",\""[\\\""string\\\"",\\\""changdu-app\\\""]\"",\""[\\\""number\\\"",\\\""5571806\\\""]\"",\""[\\\""RAW_LANGUAGE_SCOPE_V1\\\"",\\\""[\\\\\\\""number\\\\\\\"",\\\\\\\""7\\\\\\\""]\\\"",[\\\""string\\\"",\\\""俄语\\\""]]\""]"",""[\""LANE_B_BOOK_ID_V1\"",\""[\\\""string\\\"",\\\""changdu-app\\\""]\"",\""[\\\""number\\\"",\\\""5557266\\\""]\"",\""[\\\""RAW_LANGUAGE_SCOPE_V1\\\"",\\\""[\\\\\\\""number\\\\\\\"",\\\\\\\""7\\\\\\\""]\\\"",[\\\""string\\\"",\\\""俄语\\\""]]\""]""]",IGNORE_NON_CONTENT,CROSS_REVIEW_FINAL,TIER_1_STRONG,0.94,4/4一致：格式/兜底/目录型token，无独立内容检索语义（Others/短篇/图书家族）,NONE_IDENTIFIED
8ea70ad918796c35d03ba7336af6a2f7cf9684784cf0cb51fc46eb885e4e31d8,f18cc8b50b0451e95933000e1268e9eac10460cb64c164e902bb82ed2a5fba1e,changdu-app,"[""RAW_LANGUAGE_SCOPE_V1"",""[\""number\"",\""7\""]"",[""string"",""俄语""]]",RU,Рассказы,0KDQsNGB0YHQutCw0LfRiw==,8cacd7fd1994ab996b5195cc2aedaf75643c74fbc0433a9f892491dd7b5275b7,1,1,1,"[""[\""LANE_B_BOOK_ID_V1\"",\""[\\\""string\\\"",\\\""changdu-app\\\""]\"",\""[\\\""number\\\"",\\\""5557641\\\""]\"",\""[\\\""RAW_LANGUAGE_SCOPE_V1\\\"",\\\""[\\\\\\\""number\\\\\\\"",\\\\\\\""7\\\\\\\""]\\\"",[\\\""string\\\"",\\\""俄语\\\""]]\""]""]",IGNORE_NON_CONTENT,CROSS_REVIEW_FINAL,TIER_1_STRONG,0.91,4/4一致：格式/兜底/目录型token，无独立内容检索语义（Others/短篇/图书家族）,NONE_IDENTIFIED
f61c4dbaecf1dc3c75c0555cfcdd3b3cdf02d25f62159ee5e8b397f501321e0c,8bc272c31eff9e94d9b406ca75d5bac86e27c303b42e2c2dd10d554f4a650e23,changdu-app,"[""RAW_LANGUAGE_SCOPE_V1"",""[\""number\"",\""12\""]"",[""string"",""泰语""]]",TH,นิยายสั้น,4LiZ4Li04Lii4Liy4Lii4Liq4Lix4LmJ4LiZ,77126f6eca761b5c80b8873f179529fcd60d5161c89cafcd6388dbd24e54ec27,2,2,2,"[""[\""LANE_B_BOOK_ID_V1\"",\""[\\\""string\\\"",\\\""changdu-app\\\""]\"",\""[\\\""number\\\"",\\\""5578365\\\""]\"",\""[\\\""RAW_LANGUAGE_SCOPE_V1\\\"",\\\""[\\\\\\\""number\\\\\\\"",\\\\\\\""12\\\\\\\""]\\\"",[\\\""string\\\"",\\\""泰语\\\""]]\""]"",""[\""LANE_B_BOOK_ID_V1\"",\""[\\\""string\\\"",\\\""changdu-app\\\""]\"",\""[\\\""number\\\"",\\\""5537452\\\""]\"",\""[\\\""RAW_LANGUAGE_SCOPE_V1\\\"",\\\""[\\\\\\\""number\\\\\\\"",\\\\\\\""12\\\\\\\""]\\\"",[\\\""string\\\"",\\\""泰语\\\""]]\""]""]",IGNORE_NON_CONTENT,CROSS_REVIEW_FINAL,TIER_1_STRONG,0.91,4/4一致：格式/兜底/目录型token，无独立内容检索语义（Others/短篇/图书家族）,NONE_IDENTIFIED
59d2394241e1545ae68e383bce234ed1c5186fdda463d3b2d8dd2e480855d61f,dca544419c666de9dcc13bf1acffd696cd08d7eb1303da0975adfa60b2fd2cd8,changdu-app,"[""RAW_LANGUAGE_SCOPE_V1"",""[\""number\"",\""12\""]"",[""string"",""泰语""]]",TH,ผจญภัย,4Lic4LiI4LiN4Lig4Lix4Lii,b890131ac9379ba229aa52a0047071cbce3b6c445340e87fdc9e4996c70ebce4,2,2,2,"[""[\""LANE_B_BOOK_ID_V1\"",\""[\\\""string\\\"",\\\""changdu-app\\\""]\"",\""[\\\""number\\\"",\\\""5536251\\\""]\"",\""[\\\""RAW_LANGUAGE_SCOPE_V1\\\"",\\\""[\\\\\\\""number\\\\\\\"",\\\\\\\""12\\\\\\\""]\\\"",[\\\""string\\\"",\\\""泰语\\\""]]\""]"",""[\""LANE_B_BOOK_ID_V1\"",\""[\\\""string\\\"",\\\""changdu-app\\\""]\"",\""[\\\""number\\\"",\\\""5531817\\\""]\"",\""[\\\""RAW_LANGUAGE_SCOPE_V1\\\"",\\\""[\\\\\\\""number\\\\\\\"",\\\\\\\""12\\\\\\\""]\\\"",[\\\""string\\\"",\\\""泰语\\\""]]\""]""]",IGNORE_NON_CONTENT,CROSS_REVIEW_FINAL,TIER_5_SOURCE_DIRTY,0.7,Adventure家族fallback桶：2本均为情色（CAGE EROTIC）,B: mature-content（可作分级信号记录，不建mapping）；C/D: HUMAN_REVIEW
431e0dea46725f221474d5d70d15072fc03f8c86a88d65e3ec288ddd2ee1a37c,a125201794a63fa422c8de70cb9ff8f1de23106ae0639eb4942d17eb53c263e6,changdu-app,"[""RAW_LANGUAGE_SCOPE_V1"",""[\""number\"",\""15\""]"",[""string"",""菲律宾语""]]",TL,Pakikipagsapalaran,UGFraWtpcGFnc2FwYWxhcmFu,eab23911d26b5daa779c2802c952a6a69a01338daf903fc67211df04206caff1,4,4,4,"[""[\""LANE_B_BOOK_ID_V1\"",\""[\\\""string\\\"",\\\""changdu-app\\\""]\"",\""[\\\""number\\\"",\\\""5591524\\\""]\"",\""[\\\""RAW_LANGUAGE_SCOPE_V1\\\"",\\\""[\\\\\\\""number\\\\\\\"",\\\\\\\""15\\\\\\\""]\\\"",[\\\""string\\\"",\\\""菲律宾语\\\""]]\""]"",""[\""LANE_B_BOOK_ID_V1\"",\""[\\\""string\\\"",\\\""changdu-app\\\""]\"",\""[\\\""number\\\"",\\\""5581976\\\""]\"",\""[\\\""RAW_LANGUAGE_SCOPE_V1\\\"",\\\""[\\\\\\\""number\\\\\\\"",\\\\\\\""15\\\\\\\""]\\\"",[\\\""string\\\"",\\\""菲律宾语\\\""]]\""]"",""[\""LANE_B_BOOK_ID_V1\"",\""[\\\""string\\\"",\\\""changdu-app\\\""]\"",\""[\\\""number\\\"",\\\""5582122\\\""]\"",\""[\\\""RAW_LANGUAGE_SCOPE_V1\\\"",\\\""[\\\\\\\""number\\\\\\\"",\\\\\\\""15\\\\\\\""]\\\"",[\\\""string\\\"",\\\""菲律宾语\\\""]]\""]"",""[\""LANE_B_BOOK_ID_V1\"",\""[\\\""string\\\"",\\\""changdu-app\\\""]\"",\""[\\\""number\\\"",\\\""5582203\\\""]\"",\""[\\\""RAW_LANGUAGE_SCOPE_V1\\\"",\\\""[\\\\\\\""number\\\\\\\"",\\\\\\\""15\\\\\\\""]\\\"",[\\\""string\\\"",\\\""菲律宾语\\\""]]\""]""]",IGNORE_NON_CONTENT,CROSS_REVIEW_FINAL,TIER_5_SOURCE_DIRTY,0.72,Adventure家族=男频侧fallback桶（共现几乎100%男频），无任何稳定内容语义：书证为言情/情欲；与Others同性质，按非内容桶关闭。四家一致反对映射adventure,B/C/D: HUMAN_REVIEW；A: IGNORE——交叉验证后采A（共现+跨10个scope的系统性证据已足够）
0e02cb40103161ebedcadc7e094019abd2f2158c8f8dff92e62d48cad4256734,1ce3ea3612ddbf4fbfafd251d4ed8d790a0b0613003b643ef0d65a383bc5c188,changdu-app,"[""RAW_LANGUAGE_SCOPE_V1"",""[\""number\"",\""22\""]"",[""string"",""土耳其语""]]",TR,Short stories,U2hvcnQgc3Rvcmllcw==,306f0c3996737d1a3a97195a6269d06a1b5b0da75e7959f1ac1022782eaa1f38,2,2,2,"[""[\""LANE_B_BOOK_ID_V1\"",\""[\\\""string\\\"",\\\""changdu-app\\\""]\"",\""[\\\""number\\\"",\\\""980308090\\\""]\"",\""[\\\""RAW_LANGUAGE_SCOPE_V1\\\"",\\\""[\\\\\\\""number\\\\\\\"",\\\\\\\""22\\\\\\\""]\\\"",[\\\""string\\\"",\\\""土耳其语\\\""]]\""]"",""[\""LANE_B_BOOK_ID_V1\"",\""[\\\""string\\\"",\\\""changdu-app\\\""]\"",\""[\\\""number\\\"",\\\""980308091\\\""]\"",\""[\\\""RAW_LANGUAGE_SCOPE_V1\\\"",\\\""[\\\\\\\""number\\\\\\\"",\\\\\\\""22\\\\\\\""]\\\"",[\\\""string\\\"",\\\""土耳其语\\\""]]\""]""]",IGNORE_NON_CONTENT,CROSS_REVIEW_FINAL,TIER_1_STRONG,0.91,4/4一致：格式/兜底/目录型token，无独立内容检索语义（Others/短篇/图书家族）,NONE_IDENTIFIED
93e1849847061a81dd606dd870fd8b5df90dc60a93fb0bebc71bc8494b839982,d1ddd55e5f05670e470e5b78ff049c3643c45575e3ea577a0fd19585bd0cc064,changdu-app,"[""RAW_LANGUAGE_SCOPE_V1"",""[\""number\"",\""19\""]"",[""null""]]",zh-Hans,动漫世界,5Yqo5ryr5LiW55WM,5a7237a130e1cd08723f1c45ba18d82b53c19fde8ee5819f4ea21cd86e229d41,1,1,1,"[""[\""LANE_B_BOOK_ID_V1\"",\""[\\\""string\\\"",\\\""changdu-app\\\""]\"",\""[\\\""number\\\"",\\\""5604646\\\""]\"",\""[\\\""RAW_LANGUAGE_SCOPE_V1\\\"",\\\""[\\\\\\\""number\\\\\\\"",\\\\\\\""19\\\\\\\""]\\\"",[\\\""null\\\""]]\""]""]",DROP_LOW_VALUE,CROSS_REVIEW_FINAL,TIER_5_SOURCE_DIRTY,0.65,f=1且唯一书证《仙界聊天群》已被同scope玄幻奇幻桶收录，独立语义不明——按低价值关闭,A/B/D: HUMAN_REVIEW；C: DROP——采C（重复覆盖+单本）
2f5be447f5b8c8f3ca4cabce7a55c1b6d4d98eb7e55b36b822c84fe3ecb4c100,1f3fe1ff7a5faea7f2d6ce8727e2140bd673fbf112f2a6d3f74770872ab03827,changdu-app,"[""RAW_LANGUAGE_SCOPE_V1"",""[\""number\"",\""19\""]"",[""null""]]",zh-Hans,妙趣奇文,5aaZ6Laj5aWH5paH,e3b903bae2bf3c8472673f3698124d28d986d55083aa5c372339dfa21d653e81,1,1,1,"[""[\""LANE_B_BOOK_ID_V1\"",\""[\\\""string\\\"",\\\""changdu-app\\\""]\"",\""[\\\""number\\\"",\\\""5605164\\\""]\"",\""[\\\""RAW_LANGUAGE_SCOPE_V1\\\"",\\\""[\\\\\\\""number\\\\\\\"",\\\\\\\""19\\\\\\\""]\\\"",[\\\""null\\\""]]\""]""]",DROP_LOW_VALUE,CROSS_REVIEW_FINAL,TIER_1_STRONG,0.78,4/4一致DROP：杂项营销桶（妙趣奇文），书证包罗万象无稳定语义,LOW_RETRIEVAL_VALUE
df2a2c6fb23e9afd6a57381bc879d88afa82d5301a66ee5acd38f46c8f8335af,f17d56443c75e63a7c4c4b30c13e1e9d115803080c487605ad8d50acf79aa218,changdu-app,"[""RAW_LANGUAGE_SCOPE_V1"",""[\""number\"",\""20\""]"",[""null""]]",zh-Hant,妙趣奇文,5aaZ6Laj5aWH5paH,e3b903bae2bf3c8472673f3698124d28d986d55083aa5c372339dfa21d653e81,3,3,3,"[""[\""LANE_B_BOOK_ID_V1\"",\""[\\\""string\\\"",\\\""changdu-app\\\""]\"",\""[\\\""number\\\"",\\\""1075321288\\\""]\"",\""[\\\""RAW_LANGUAGE_SCOPE_V1\\\"",\\\""[\\\\\\\""number\\\\\\\"",\\\\\\\""20\\\\\\\""]\\\"",[\\\""null\\\""]]\""]"",""[\""LANE_B_BOOK_ID_V1\"",\""[\\\""string\\\"",\\\""changdu-app\\\""]\"",\""[\\\""number\\\"",\\\""1075322341\\\""]\"",\""[\\\""RAW_LANGUAGE_SCOPE_V1\\\"",\\\""[\\\\\\\""number\\\\\\\"",\\\\\\\""20\\\\\\\""]\\\"",[\\\""null\\\""]]\""]"",""[\""LANE_B_BOOK_ID_V1\"",\""[\\\""string\\\"",\\\""changdu-app\\\""]\"",\""[\\\""number\\\"",\\\""1075326402\\\""]\"",\""[\\\""RAW_LANGUAGE_SCOPE_V1\\\"",\\\""[\\\\\\\""number\\\\\\\"",\\\\\\\""20\\\\\\\""]\\\"",[\\\""null\\\""]]\""]""]",DROP_LOW_VALUE,CROSS_REVIEW_FINAL,TIER_1_STRONG,0.78,4/4一致DROP：杂项营销桶（妙趣奇文），书证包罗万象无稳定语义,LOW_RETRIEVAL_VALUE
502beb09a594716d93c675975ee32f340169061624c59a65dfc4b4983a2f8473,5b6f2ec1dbfd954ac4001172f0b974b27a9559c52f71fe86f4befb6d7a611696,changdu-app,"[""RAW_LANGUAGE_SCOPE_V1"",""[\""number\"",\""20\""]"",[""null""]]",zh-Hant,歷史傳記,5q235Y+y5YKz6KiY,c2c1522e70985b539cf1df6efd280b681dc022cecaf124f02227983db01ca279,1,1,1,"[""[\""LANE_B_BOOK_ID_V1\"",\""[\\\""string\\\"",\\\""changdu-app\\\""]\"",\""[\\\""number\\\"",\\\""1075329830\\\""]\"",\""[\\\""RAW_LANGUAGE_SCOPE_V1\\\"",\\\""[\\\\\\\""number\\\\\\\"",\\\\\\\""20\\\\\\\""]\\\"",[\\\""null\\\""]]\""]""]",DROP_LOW_VALUE,CROSS_REVIEW_FINAL,TIER_5_SOURCE_DIRTY,0.7,f=1明显误标：唯一书证《女兒來自銀河系》为当代都市喜剧，与历史传记零关系,C: DROP——采C；A/B/D: HUMAN_REVIEW
