stable_id,slug,中文名,定义,aliases,keywords,include,exclude,facet,status,source_ordinals,decision_ids
ct-v1-adventure,adventure,冒险,用于检索以“冒险”为核心题材、设定或人物原型的小说；该概念必须对主线或用户选择结果具有实质影响。,"[""adventure"",""Adventure""]","[""冒险"",""adventure"",""Adventure""]","[""主线明确体现“冒险”（来源别名：Adventure）的作品。""]","[""仅在标题或简介中偶然提及“冒险”、但不影响主要情节或筛选期待的作品。""]",topic,candidate,[67],[]
ct-v1-age-gap-romance,age-gap-romance,年龄差恋爱,用于检索以“年龄差恋爱”为核心题材、设定或人物原型的小说；该概念必须对主线或用户选择结果具有实质影响。,"[""age-gap-romance"",""Age-Gap Romance"",""age-gap"",""Age Gap""]","[""年龄差恋爱"",""age-gap-romance"",""Age-Gap Romance"",""age-gap"",""Age Gap""]","[""主线明确体现“年龄差恋爱”（来源别名：Age-Gap Romance / Age Gap）的作品。""]","[""仅在标题或简介中偶然提及“年龄差恋爱”、但不影响主要情节或筛选期待的作品。""]",topic,candidate,"[29,84]",[]
ct-v1-amnesia,amnesia,失忆,用于检索以“失忆”为核心题材、设定或人物原型的小说；该概念必须对主线或用户选择结果具有实质影响。,"[""amnesia"",""Amnesia""]","[""失忆"",""amnesia"",""Amnesia""]","[""主线明确体现“失忆”（来源别名：Amnesia）的作品。""]","[""仅在标题或简介中偶然提及“失忆”、但不影响主要情节或筛选期待的作品。""]",topic,candidate,[89],[]
ct-v1-apocalypse,apocalypse,末世,用于检索以“末世”为核心题材、设定或人物原型的小说；该概念必须对主线或用户选择结果具有实质影响。,"[""apocalypse"",""Apocalypse""]","[""末世"",""apocalypse"",""Apocalypse""]","[""主线明确体现“末世”（来源别名：Apocalypse）的作品。""]","[""仅在标题或简介中偶然提及“末世”、但不影响主要情节或筛选期待的作品。""]",topic,candidate,[40],[]
ct-v1-arranged-marriage,arranged-marriage,包办婚姻,用于检索以“包办婚姻”为核心题材、设定或人物原型的小说；该概念必须对主线或用户选择结果具有实质影响。,"[""arranged-marriage"",""Arranged Marriage""]","[""包办婚姻"",""arranged-marriage"",""Arranged Marriage""]","[""主线明确体现“包办婚姻”（来源别名：Arranged Marriage）的作品。""]","[""仅在标题或简介中偶然提及“包办婚姻”、但不影响主要情节或筛选期待的作品。""]",topic,candidate,[90],"[""OC-SEP-05""]"
ct-v1-assassin,assassin,刺客,用于检索以“刺客”为核心题材、设定或人物原型的小说；该概念必须对主线或用户选择结果具有实质影响。,"[""assassin"",""Assassin""]","[""刺客"",""assassin"",""Assassin""]","[""主线明确体现“刺客”（来源别名：Assassin）的作品。""]","[""仅在标题或简介中偶然提及“刺客”、但不影响主要情节或筛选期待的作品。""]",topic,candidate,[86],[]
ct-v1-betrayal,betrayal,背叛,用于检索以“背叛”为核心题材、设定或人物原型的小说；该概念必须对主线或用户选择结果具有实质影响。,"[""betrayal"",""Betrayal""]","[""背叛"",""betrayal"",""Betrayal""]","[""主线明确体现“背叛”（来源别名：Betrayal）的作品。""]","[""仅在标题或简介中偶然提及“背叛”、但不影响主要情节或筛选期待的作品。""]",topic,candidate,[97],[]
ct-v1-blind-date,blind-date,相亲,用于检索以“相亲”为核心题材、设定或人物原型的小说；该概念必须对主线或用户选择结果具有实质影响。,"[""blind-date"",""Blind Date""]","[""相亲"",""blind-date"",""Blind Date""]","[""主线明确体现“相亲”（来源别名：Blind Date）的作品。""]","[""仅在标题或简介中偶然提及“相亲”、但不影响主要情节或筛选期待的作品。""]",topic,candidate,[113],[]
ct-v1-broken-heart,broken-heart,失恋创伤,用于检索以“失恋创伤”为核心题材、设定或人物原型的小说；该概念必须对主线或用户选择结果具有实质影响。,"[""broken-heart"",""Broken Heart""]","[""失恋创伤"",""broken-heart"",""Broken Heart""]","[""主线明确体现“失恋创伤”（来源别名：Broken Heart）的作品。""]","[""仅在标题或简介中偶然提及“失恋创伤”、但不影响主要情节或筛选期待的作品。""]",topic,candidate,[112],[]
ct-v1-campus,campus,校园,检索以学校、大学、校园生活及学生阶段关系为主要故事场景和阅读期待的小说。,"[""campus"",""Campus""]","[""校园"",""campus"",""Campus""]","[""高中或大学生活、同学关系、学生成长、校园恋爱或校园事件构成主线。""]","[""人物只是具有学生身份、但主体情节不发生于学校或学生生活的作品。""]",topic,human_review,[63],"[""OC-REV-03""]"
ct-v1-character-growth,character-growth,人物成长,用于检索以“人物成长”为核心题材、设定或人物原型的小说；该概念必须对主线或用户选择结果具有实质影响。,"[""character-growth"",""Character Growth""]","[""人物成长"",""character-growth"",""Character Growth""]","[""主线明确体现“人物成长”（来源别名：Character Growth）的作品。""]","[""仅在标题或简介中偶然提及“人物成长”、但不影响主要情节或筛选期待的作品。""]",topic,candidate,[71],[]
ct-v1-chef,chef,厨师,用于检索以“厨师”为核心题材、设定或人物原型的小说；该概念必须对主线或用户选择结果具有实质影响。,"[""chef"",""Chef""]","[""厨师"",""chef"",""Chef""]","[""主线明确体现“厨师”（来源别名：Chef）的作品。""]","[""仅在标题或简介中偶然提及“厨师”、但不影响主要情节或筛选期待的作品。""]",topic,candidate,[76],[]
ct-v1-child-centered-romance,child-centered-romance,萌宝题材,用于检索以“萌宝题材”为核心题材、设定或人物原型的小说；该概念必须对主线或用户选择结果具有实质影响。,"[""babies"",""Babies""]","[""萌宝题材"",""babies"",""Babies""]","[""主线明确体现“萌宝题材”（来源别名：Babies）的作品。""]","[""仅在标题或简介中偶然提及“萌宝题材”、但不影响主要情节或筛选期待的作品。""]",topic,candidate,[72],[]
ct-v1-childhood-sweethearts,childhood-sweethearts,青梅竹马,用于检索以“青梅竹马”为核心题材、设定或人物原型的小说；该概念必须对主线或用户选择结果具有实质影响。,"[""childhood-sweethearts"",""Childhood Sweethearts""]","[""青梅竹马"",""childhood-sweethearts"",""Childhood Sweethearts""]","[""主线明确体现“青梅竹马”（来源别名：Childhood Sweethearts）的作品。""]","[""仅在标题或简介中偶然提及“青梅竹马”、但不影响主要情节或筛选期待的作品。""]",topic,candidate,[139],[]
ct-v1-comeback,comeback,逆袭,用于检索以“逆袭”为核心题材、设定或人物原型的小说；该概念必须对主线或用户选择结果具有实质影响。,"[""female-comeback"",""Female Comeback"",""counterattack"",""Counterattack"",""comeback"",""Comeback""]","[""逆袭"",""female-comeback"",""Female Comeback"",""counterattack"",""Counterattack"",""comeback"",""Comeback""]","[""主线明确体现“逆袭”（来源别名：Female Comeback / Counterattack / Comeback）的作品。""]","[""仅在标题或简介中偶然提及“逆袭”、但不影响主要情节或筛选期待的作品。""]",topic,candidate,"[6,133,134]","[""OC-MRG-06"",""OC-SEP-04""]"
ct-v1-comedy,comedy,喜剧,用于检索以“喜剧”为核心题材、设定或人物原型的小说；该概念必须对主线或用户选择结果具有实质影响。,"[""humor"",""Humor"",""comedy"",""Comedy""]","[""喜剧"",""humor"",""Humor"",""comedy"",""Comedy""]","[""主线明确体现“喜剧”（来源别名：Humor / Comedy）的作品。""]","[""仅在标题或简介中偶然提及“喜剧”、但不影响主要情节或筛选期待的作品。""]",topic,candidate,"[21,47]",[]
ct-v1-contemporary-setting,contemporary-setting,当代背景,用于检索以“当代背景”为核心setting 筛选属性的小说；该概念必须对主线或用户选择结果具有实质影响。,"[""modern"",""Modern""]","[""当代背景"",""modern"",""Modern""]","[""主线明确体现“当代背景”（来源别名：Modern）的作品。""]","[""仅在标题或简介中偶然提及“当代背景”、但不影响主要情节或筛选期待的作品。""]",setting,candidate,[45],"[""OC-SEP-02""]"
ct-v1-contract-marriage,contract-marriage,契约婚姻,用于检索以“契约婚姻”为核心题材、设定或人物原型的小说；该概念必须对主线或用户选择结果具有实质影响。,"[""contract-marriage"",""Contract Marriage"",""fake-marriage"",""Fake Marriage"",""contractual-marriage"",""Contractual Marriage""]","[""契约婚姻"",""contract-marriage"",""Contract Marriage"",""fake-marriage"",""Fake Marriage"",""contractual-marriage"",""Contractual Marriage""]","[""主线明确体现“契约婚姻”（来源别名：Contract Marriage / Fake Marriage / Contractual Marriage）的作品。""]","[""仅在标题或简介中偶然提及“契约婚姻”、但不影响主要情节或筛选期待的作品。""]",topic,candidate,"[7,64,74]","[""OC-MRG-01"",""OC-SEP-05""]"
ct-v1-court-intrigue,court-intrigue,宫廷权谋,用于检索以“宫廷权谋”为核心题材、设定或人物原型的小说；该概念必须对主线或用户选择结果具有实质影响。,"[""court-intrigue"",""Court Intrigue"",""palace-intrigues"",""Palace Intrigues""]","[""宫廷权谋"",""court-intrigue"",""Court Intrigue"",""palace-intrigues"",""Palace Intrigues""]","[""主线明确体现“宫廷权谋”（来源别名：Court Intrigue / Palace Intrigues）的作品。""]","[""仅在标题或简介中偶然提及“宫廷权谋”、但不影响主要情节或筛选期待的作品。""]",topic,candidate,"[39,73]",[]
ct-v1-crime,crime,犯罪,用于检索以“犯罪”为核心题材、设定或人物原型的小说；该概念必须对主线或用户选择结果具有实质影响。,"[""crime"",""Crime""]","[""犯罪"",""crime"",""Crime""]","[""主线明确体现“犯罪”（来源别名：Crime）的作品。""]","[""仅在标题或简介中偶然提及“犯罪”、但不影响主要情节或筛选期待的作品。""]",topic,candidate,[124],[]
ct-v1-criminal-investigation,criminal-investigation,刑事侦查,用于检索以“刑事侦查”为核心题材、设定或人物原型的小说；该概念必须对主线或用户选择结果具有实质影响。,"[""criminal-investigation"",""Criminal Investigation""]","[""刑事侦查"",""criminal-investigation"",""Criminal Investigation""]","[""主线明确体现“刑事侦查”（来源别名：Criminal Investigation）的作品。""]","[""仅在标题或简介中偶然提及“刑事侦查”、但不影响主要情节或筛选期待的作品。""]",topic,candidate,[18],[]
ct-v1-cross-dressing,cross-dressing,异装,用于检索以“异装”为核心题材、设定或人物原型的小说；该概念必须对主线或用户选择结果具有实质影响。,"[""cross-dressing"",""Cross-dressing""]","[""异装"",""cross-dressing"",""Cross-dressing""]","[""主线明确体现“异装”（来源别名：Cross-dressing）的作品。""]","[""仅在标题或简介中偶然提及“异装”、但不影响主要情节或筛选期待的作品。""]",topic,candidate,[104],[]
ct-v1-crown-prince,crown-prince,太子,用于检索以“太子”为核心题材、设定或人物原型的小说；该概念必须对主线或用户选择结果具有实质影响。,"[""crown-prince"",""Crown Prince""]","[""太子"",""crown-prince"",""Crown Prince""]","[""主线明确体现“太子”（来源别名：Crown Prince）的作品。""]","[""仅在标题或简介中偶然提及“太子”、但不影响主要情节或筛选期待的作品。""]",topic,candidate,[46],[]
ct-v1-disability,disability,残障角色,用于检索以“残障角色”为核心题材、设定或人物原型的小说；该概念必须对主线或用户选择结果具有实质影响。,"[""disability"",""Disability""]","[""残障角色"",""disability"",""Disability""]","[""主线明确体现“残障角色”（来源别名：Disability）的作品。""]","[""仅在标题或简介中偶然提及“残障角色”、但不影响主要情节或筛选期待的作品。""]",topic,candidate,[115],[]
ct-v1-divorce,divorce,离婚,用于检索以“离婚”为核心题材、设定或人物原型的小说；该概念必须对主线或用户选择结果具有实质影响。,"[""divorce"",""Divorce""]","[""离婚"",""divorce"",""Divorce""]","[""主线明确体现“离婚”（来源别名：Divorce）的作品。""]","[""仅在标题或简介中偶然提及“离婚”、但不影响主要情节或筛选期待的作品。""]",topic,candidate,[110],[]
ct-v1-doctor,doctor,医生,用于检索以“医生”为核心题材、设定或人物原型的小说；该概念必须对主线或用户选择结果具有实质影响。,"[""doctor"",""Doctor""]","[""医生"",""doctor"",""Doctor""]","[""主线明确体现“医生”（来源别名：Doctor）的作品。""]","[""仅在标题或简介中偶然提及“医生”、但不影响主要情节或筛选期待的作品。""]",topic,candidate,[98],[]
ct-v1-eastern-fantasy,eastern-fantasy,东方奇幻,用于检索以“东方奇幻”为核心题材、设定或人物原型的小说；该概念必须对主线或用户选择结果具有实质影响。,"[""oriental-fantasy"",""Oriental Fantasy""]","[""东方奇幻"",""oriental-fantasy"",""Oriental Fantasy""]","[""主线明确体现“东方奇幻”（来源别名：Oriental Fantasy）的作品。""]","[""仅在标题或简介中偶然提及“东方奇幻”、但不影响主要情节或筛选期待的作品。""]",topic,candidate,[109],[]
ct-v1-emotional-healing,emotional-healing,情感治愈,用于检索以“情感治愈”为核心题材、设定或人物原型的小说；该概念必须对主线或用户选择结果具有实质影响。,"[""healing"",""Healing""]","[""情感治愈"",""healing"",""Healing""]","[""主线明确体现“情感治愈”（来源别名：Healing）的作品。""]","[""仅在标题或简介中偶然提及“情感治愈”、但不影响主要情节或筛选期待的作品。""]",topic,candidate,[96],[]
ct-v1-emperor,emperor,皇帝,用于检索以“皇帝”为核心题材、设定或人物原型的小说；该概念必须对主线或用户选择结果具有实质影响。,"[""emperor"",""Emperor""]","[""皇帝"",""emperor"",""Emperor""]","[""主线明确体现“皇帝”（来源别名：Emperor）的作品。""]","[""仅在标题或简介中偶然提及“皇帝”、但不影响主要情节或筛选期待的作品。""]",topic,candidate,[92],[]
ct-v1-ensemble-darling,ensemble-darling,团宠,用于检索以“团宠”为核心题材、设定或人物原型的小说；该概念必须对主线或用户选择结果具有实质影响。,"[""group-favorite"",""Group Favorite""]","[""团宠"",""group-favorite"",""Group Favorite""]","[""主线明确体现“团宠”（来源别名：Group Favorite）的作品。""]","[""仅在标题或简介中偶然提及“团宠”、但不影响主要情节或筛选期待的作品。""]",topic,candidate,[78],[]
ct-v1-entertainment-industry,entertainment-industry,娱乐圈,用于检索以“娱乐圈”为核心题材、设定或人物原型的小说；该概念必须对主线或用户选择结果具有实质影响。,"[""celebrity"",""Celebrity"",""showbiz"",""Showbiz"",""actor"",""Actor""]","[""娱乐圈"",""celebrity"",""Celebrity"",""showbiz"",""Showbiz"",""actor"",""Actor""]","[""主线明确体现“娱乐圈”（来源别名：Celebrity / Showbiz / Actor）的作品。""]","[""仅在标题或简介中偶然提及“娱乐圈”、但不影响主要情节或筛选期待的作品。""]",topic,candidate,"[23,87,147]","[""OC-MRG-05""]"
ct-v1-estrangement,estrangement,关系疏离,用于检索以“关系疏离”为核心题材、设定或人物原型的小说；该概念必须对主线或用户选择结果具有实质影响。,"[""estrangement"",""Estrangement""]","[""关系疏离"",""estrangement"",""Estrangement""]","[""主线明确体现“关系疏离”（来源别名：Estrangement）的作品。""]","[""仅在标题或简介中偶然提及“关系疏离”、但不影响主要情节或筛选期待的作品。""]",topic,candidate,[68],[]
ct-v1-family,family,家庭,用于检索以“家庭”为核心题材、设定或人物原型的小说；该概念必须对主线或用户选择结果具有实质影响。,"[""family"",""Family""]","[""家庭"",""family"",""Family""]","[""主线明确体现“家庭”（来源别名：Family）的作品。""]","[""仅在标题或简介中偶然提及“家庭”、但不影响主要情节或筛选期待的作品。""]",topic,candidate,[51],[]
ct-v1-family-feud,family-feud,家族纷争,用于检索以“家族纷争”为核心题材、设定或人物原型的小说；该概念必须对主线或用户选择结果具有实质影响。,"[""family-feud"",""Family Feud""]","[""家族纷争"",""family-feud"",""Family Feud""]","[""主线明确体现“家族纷争”（来源别名：Family Feud）的作品。""]","[""仅在标题或简介中偶然提及“家族纷争”、但不影响主要情节或筛选期待的作品。""]",topic,candidate,[61],[]
ct-v1-fantasy,fantasy,奇幻,用于检索以“奇幻”为核心题材、设定或人物原型的小说；该概念必须对主线或用户选择结果具有实质影响。,"[""fantasy"",""Fantasy""]","[""奇幻"",""fantasy"",""Fantasy""]","[""主线明确体现“奇幻”（来源别名：Fantasy）的作品。""]","[""仅在标题或简介中偶然提及“奇幻”、但不影响主要情节或筛选期待的作品。""]",topic,candidate,[33],[]
ct-v1-fated-love,fated-love,命定之爱,用于检索以“命定之爱”为核心题材、设定或人物原型的小说；该概念必须对主线或用户选择结果具有实质影响。,"[""fated-love"",""Fated Love"",""soulmates"",""Soulmates""]","[""命定之爱"",""fated-love"",""Fated Love"",""soulmates"",""Soulmates""]","[""主线明确体现“命定之爱”（来源别名：Fated Love / Soulmates）的作品。""]","[""仅在标题或简介中偶然提及“命定之爱”、但不影响主要情节或筛选期待的作品。""]",topic,candidate,"[4,58]","[""OC-MRG-04""]"
ct-v1-female-audience,female-audience,女性向,用于检索以“女性向”为核心audience 筛选属性的小说；该概念必须对主线或用户选择结果具有实质影响。,"[""female-centric"",""Female-Centric""]","[""女性向"",""female-centric"",""Female-Centric""]","[""主线明确体现“女性向”（来源别名：Female-Centric）的作品。""]","[""仅在标题或简介中偶然提及“女性向”、但不影响主要情节或筛选期待的作品。""]",audience,candidate,[127],[]
ct-v1-first-love,first-love,初恋,用于检索以“初恋”为核心题材、设定或人物原型的小说；该概念必须对主线或用户选择结果具有实质影响。,"[""first-love"",""First Love""]","[""初恋"",""first-love"",""First Love""]","[""主线明确体现“初恋”（来源别名：First Love）的作品。""]","[""仅在标题或简介中偶然提及“初恋”、但不影响主要情节或筛选期待的作品。""]",topic,candidate,[55],[]
ct-v1-forbidden-love,forbidden-love,禁忌之恋,用于检索以“禁忌之恋”为核心题材、设定或人物原型的小说；该概念必须对主线或用户选择结果具有实质影响。,"[""forbidden-love"",""Forbidden Love""]","[""禁忌之恋"",""forbidden-love"",""Forbidden Love""]","[""主线明确体现“禁忌之恋”（来源别名：Forbidden Love）的作品。""]","[""仅在标题或简介中偶然提及“禁忌之恋”、但不影响主要情节或筛选期待的作品。""]",topic,candidate,[35],[]
ct-v1-frenemies,frenemies,亦敌亦友,用于检索以“亦敌亦友”为核心题材、设定或人物原型的小说；该概念必须对主线或用户选择结果具有实质影响。,"[""frenemies"",""Frenemies""]","[""亦敌亦友"",""frenemies"",""Frenemies""]","[""主线明确体现“亦敌亦友”（来源别名：Frenemies）的作品。""]","[""仅在标题或简介中偶然提及“亦敌亦友”、但不影响主要情节或筛选期待的作品。""]",topic,candidate,[24],[]
ct-v1-from-hate-to-love,from-hate-to-love,由恨生爱,用于检索以“由恨生爱”为核心题材、设定或人物原型的小说；该概念必须对主线或用户选择结果具有实质影响。,"[""from-hate-to-love"",""From Hate to Love""]","[""由恨生爱"",""from-hate-to-love"",""From Hate to Love""]","[""主线明确体现“由恨生爱”（来源别名：From Hate to Love）的作品。""]","[""仅在标题或简介中偶然提及“由恨生爱”、但不影响主要情节或筛选期待的作品。""]",topic,candidate,[34],[]
ct-v1-from-love-to-hate,from-love-to-hate,由爱生恨,用于检索以“由爱生恨”为核心题材、设定或人物原型的小说；该概念必须对主线或用户选择结果具有实质影响。,"[""from-love-to-hate"",""From Love to Hate""]","[""由爱生恨"",""from-love-to-hate"",""From Love to Hate""]","[""主线明确体现“由爱生恨”（来源别名：From Love to Hate）的作品。""]","[""仅在标题或简介中偶然提及“由爱生恨”、但不影响主要情节或筛选期待的作品。""]",topic,candidate,[27],[]
ct-v1-future-world,future-world,未来世界,检索主要故事世界处于相对叙事当下的未来时期，未来社会或未来环境是核心设定的小说。,"[""future-world"",""Future World""]","[""未来世界"",""future-world"",""Future World""]","[""主要情节持续发生在未来社会、未来地球或未来文明。""]","[""角色仅来自未来、但主体故事发生在古代或当代的作品；未明确未来设定的当代科幻。""]",topic,human_review,[44],"[""OC-REV-02""]"
ct-v1-genius,genius,天才,用于检索以“天才”为核心题材、设定或人物原型的小说；该概念必须对主线或用户选择结果具有实质影响。,"[""genius"",""Genius""]","[""天才"",""genius"",""Genius""]","[""主线明确体现“天才”（来源别名：Genius）的作品。""]","[""仅在标题或简介中偶然提及“天才”、但不影响主要情节或筛选期待的作品。""]",topic,candidate,[66],[]
ct-v1-gradually-fall-in-love,gradually-fall-in-love,日久生情,用于检索以“日久生情”为核心题材、设定或人物原型的小说；该概念必须对主线或用户选择结果具有实质影响。,"[""gradually-fall-in-love"",""Gradually Fall In Love""]","[""日久生情"",""gradually-fall-in-love"",""Gradually Fall In Love""]","[""主线明确体现“日久生情”（来源别名：Gradually Fall In Love）的作品。""]","[""仅在标题或简介中偶然提及“日久生情”、但不影响主要情节或筛选期待的作品。""]",topic,candidate,[36],[]
ct-v1-happy-ending,happy-ending,圆满结局,用于检索以“圆满结局”为核心ending 筛选属性的小说；该概念必须对主线或用户选择结果具有实质影响。,"[""he"",""HE""]","[""圆满结局"",""he"",""HE""]","[""主线明确体现“圆满结局”（来源别名：HE）的作品。""]","[""仅在标题或简介中偶然提及“圆满结局”、但不影响主要情节或筛选期待的作品。""]",ending,candidate,[141],[]
ct-v1-heir,heir,继承人,用于检索以“继承人”为核心题材、设定或人物原型的小说；该概念必须对主线或用户选择结果具有实质影响。,"[""heir"",""Heir""]","[""继承人"",""heir"",""Heir""]","[""主线明确体现“继承人”（来源别名：Heir）的作品。""]","[""仅在标题或简介中偶然提及“继承人”、但不影响主要情节或筛选期待的作品。""]",topic,candidate,[116],"[""OC-SEP-09""]"
ct-v1-hidden-identity,hidden-identity,隐藏身份,用于检索以“隐藏身份”为核心题材、设定或人物原型的小说；该概念必须对主线或用户选择结果具有实质影响。,"[""hidden-identity"",""Hidden Identity"",""hidden-identities"",""Hidden Identities""]","[""隐藏身份"",""hidden-identity"",""Hidden Identity"",""hidden-identities"",""Hidden Identities""]","[""主线明确体现“隐藏身份”（来源别名：Hidden Identity / Hidden Identities）的作品。""]","[""仅在标题或简介中偶然提及“隐藏身份”、但不影响主要情节或筛选期待的作品。""]",topic,candidate,"[1,131]","[""OC-SEP-07""]"
ct-v1-historical-romance,historical-romance,古代言情,用于检索以“古代言情”为核心题材、设定或人物原型的小说；该概念必须对主线或用户选择结果具有实质影响。,"[""historical-romance"",""Historical Romance"",""period-romance"",""Period Romance""]","[""古代言情"",""historical-romance"",""Historical Romance"",""period-romance"",""Period Romance""]","[""主线明确体现“古代言情”（来源别名：Historical Romance / Period Romance）的作品。""]","[""仅在标题或简介中偶然提及“古代言情”、但不影响主要情节或筛选期待的作品。""]",topic,candidate,"[32,144]",[]
ct-v1-identity-swap,identity-swap,身份互换,用于检索以“身份互换”为核心题材、设定或人物原型的小说；该概念必须对主线或用户选择结果具有实质影响。,"[""ldentity-swap"",""Ldentity Swap""]","[""身份互换"",""ldentity-swap"",""Ldentity Swap""]","[""主线明确体现“身份互换”（来源别名：Ldentity Swap）的作品。""]","[""仅在标题或简介中偶然提及“身份互换”、但不影响主要情节或筛选期待的作品。""]",topic,candidate,[149],"[""OC-SEP-07""]"
ct-v1-impostor,impostor,冒名者,用于检索以“冒名者”为核心题材、设定或人物原型的小说；该概念必须对主线或用户选择结果具有实质影响。,"[""impostor"",""Impostor""]","[""冒名者"",""impostor"",""Impostor""]","[""主线明确体现“冒名者”（来源别名：Impostor）的作品。""]","[""仅在标题或简介中偶然提及“冒名者”、但不影响主要情节或筛选期待的作品。""]",topic,candidate,[77],"[""OC-SEP-07""]"
ct-v1-kidnapping,kidnapping,绑架,用于检索以“绑架”为核心题材、设定或人物原型的小说；该概念必须对主线或用户选择结果具有实质影响。,"[""kidnapping"",""Kidnapping""]","[""绑架"",""kidnapping"",""Kidnapping""]","[""主线明确体现“绑架”（来源别名：Kidnapping）的作品。""]","[""仅在标题或简介中偶然提及“绑架”、但不影响主要情节或筛选期待的作品。""]",topic,candidate,[37],[]
ct-v1-kung-fu,kung-fu,功夫,用于检索以“功夫”为核心题材、设定或人物原型的小说；该概念必须对主线或用户选择结果具有实质影响。,"[""kung-fu"",""Kung Fu""]","[""功夫"",""kung-fu"",""Kung Fu""]","[""主线明确体现“功夫”（来源别名：Kung Fu）的作品。""]","[""仅在标题或简介中偶然提及“功夫”、但不影响主要情节或筛选期待的作品。""]",topic,candidate,[57],[]
ct-v1-lawyer,lawyer,律师,用于检索以“律师”为核心题材、设定或人物原型的小说；该概念必须对主线或用户选择结果具有实质影响。,"[""lawyer"",""Lawyer""]","[""律师"",""lawyer"",""Lawyer""]","[""主线明确体现“律师”（来源别名：Lawyer）的作品。""]","[""仅在标题或简介中偶然提及“律师”、但不影响主要情节或筛选期待的作品。""]",topic,candidate,[69],[]
ct-v1-legitimate-daughter,legitimate-daughter,嫡女,用于检索以“嫡女”为核心题材、设定或人物原型的小说；该概念必须对主线或用户选择结果具有实质影响。,"[""legitimate-daughter"",""Legitimate daughter""]","[""嫡女"",""legitimate-daughter"",""Legitimate daughter""]","[""主线明确体现“嫡女”（来源别名：Legitimate daughter）的作品。""]","[""仅在标题或简介中偶然提及“嫡女”、但不影响主要情节或筛选期待的作品。""]",topic,candidate,[148],[]
ct-v1-love-after-marriage,love-after-marriage,先婚后爱,用于检索以“先婚后爱”为核心题材、设定或人物原型的小说；该概念必须对主线或用户选择结果具有实质影响。,"[""love-after-marriage"",""Love After Marriage""]","[""先婚后爱"",""love-after-marriage"",""Love After Marriage""]","[""主线明确体现“先婚后爱”（来源别名：Love After Marriage）的作品。""]","[""仅在标题或简介中偶然提及“先婚后爱”、但不影响主要情节或筛选期待的作品。""]",topic,candidate,[75],"[""OC-SEP-05""]"
ct-v1-love-at-first-sight,love-at-first-sight,一见钟情,用于检索以“一见钟情”为核心题材、设定或人物原型的小说；该概念必须对主线或用户选择结果具有实质影响。,"[""love-at-first-sight"",""Love at First Sight""]","[""一见钟情"",""love-at-first-sight"",""Love at First Sight""]","[""主线明确体现“一见钟情”（来源别名：Love at First Sight）的作品。""]","[""仅在标题或简介中偶然提及“一见钟情”、但不影响主要情节或筛选期待的作品。""]",topic,candidate,[53],[]
ct-v1-love-triangle,love-triangle,三角恋,用于检索以“三角恋”为核心题材、设定或人物原型的小说；该概念必须对主线或用户选择结果具有实质影响。,"[""love-triangle"",""Love triangle""]","[""三角恋"",""love-triangle"",""Love triangle""]","[""主线明确体现“三角恋”（来源别名：Love triangle）的作品。""]","[""仅在标题或简介中偶然提及“三角恋”、但不影响主要情节或筛选期待的作品。""]",topic,candidate,[120],[]
ct-v1-mafia,mafia,黑帮,用于检索以“黑帮”为核心题材、设定或人物原型的小说；该概念必须对主线或用户选择结果具有实质影响。,"[""mafia"",""Mafia""]","[""黑帮"",""mafia"",""Mafia""]","[""主线明确体现“黑帮”（来源别名：Mafia）的作品。""]","[""仅在标题或简介中偶然提及“黑帮”、但不影响主要情节或筛选期待的作品。""]",topic,candidate,[123],[]
ct-v1-maid,maid,女仆,用于检索以“女仆”为核心题材、设定或人物原型的小说；该概念必须对主线或用户选择结果具有实质影响。,"[""maid"",""Maid""]","[""女仆"",""maid"",""Maid""]","[""主线明确体现“女仆”（来源别名：Maid）的作品。""]","[""仅在标题或简介中偶然提及“女仆”、但不影响主要情节或筛选期待的作品。""]",topic,candidate,[114],[]
ct-v1-marriage,marriage,婚姻题材,用于检索以“婚姻题材”为核心题材、设定或人物原型的小说；该概念必须对主线或用户选择结果具有实质影响。,"[""marriage"",""Marriage"",""marrige"",""Marrige""]","[""婚姻题材"",""marriage"",""Marriage"",""marrige"",""Marrige""]","[""主线明确体现“婚姻题材”（来源别名：Marriage / Marrige）的作品。""]","[""仅在标题或简介中偶然提及“婚姻题材”、但不影响主要情节或筛选期待的作品。""]",topic,candidate,"[80,142]",[]
ct-v1-mature-content,mature-content,成人向内容,用于检索以“成人向内容”为核心maturity 筛选属性的小说；该概念必须对主线或用户选择结果具有实质影响。,"[""erotic"",""Erotic""]","[""成人向内容"",""erotic"",""Erotic""]","[""主线明确体现“成人向内容”（来源别名：Erotic）的作品。""]","[""仅在标题或简介中偶然提及“成人向内容”、但不影响主要情节或筛选期待的作品。""]",maturity,candidate,[128],[]
ct-v1-military,military,军旅,用于检索以“军旅”为核心题材、设定或人物原型的小说；该概念必须对主线或用户选择结果具有实质影响。,"[""soldier"",""Soldier"",""military"",""Military""]","[""军旅"",""soldier"",""Soldier"",""military"",""Military""]","[""主线明确体现“军旅”（来源别名：Soldier / Military）的作品。""]","[""仅在标题或简介中偶然提及“军旅”、但不影响主要情节或筛选期待的作品。""]",topic,candidate,"[99,137]","[""OC-MRG-08"",""OC-SEP-10""]"
ct-v1-miracle-healer,miracle-healer,神医,用于检索以“神医”为核心题材、设定或人物原型的小说；该概念必须对主线或用户选择结果具有实质影响。,"[""miracle-healer"",""Miracle Healer""]","[""神医"",""miracle-healer"",""Miracle Healer""]","[""主线明确体现“神医”（来源别名：Miracle Healer）的作品。""]","[""仅在标题或简介中偶然提及“神医”、但不影响主要情节或筛选期待的作品。""]",topic,candidate,[16],[]
ct-v1-misunderstanding,misunderstanding,误会,用于检索以“误会”为核心题材、设定或人物原型的小说；该概念必须对主线或用户选择结果具有实质影响。,"[""misunderstanding"",""Misunderstanding""]","[""误会"",""misunderstanding"",""Misunderstanding""]","[""主线明确体现“误会”（来源别名：Misunderstanding）的作品。""]","[""仅在标题或简介中偶然提及“误会”、但不影响主要情节或筛选期待的作品。""]",topic,candidate,[122],[]
ct-v1-modern-romance,modern-romance,现代言情,用于检索以“现代言情”为核心题材、设定或人物原型的小说；该概念必须对主线或用户选择结果具有实质影响。,"[""modern-love"",""Modern Love"",""modern-romance"",""Modern Romance""]","[""现代言情"",""modern-love"",""Modern Love"",""modern-romance"",""Modern Romance""]","[""主线明确体现“现代言情”（来源别名：Modern Love / Modern Romance）的作品。""]","[""仅在标题或简介中偶然提及“现代言情”、但不影响主要情节或筛选期待的作品。""]",topic,candidate,"[91,103]",[]
ct-v1-mother-in-law,mother-in-law,婆媳关系,用于检索以“婆媳关系”为核心题材、设定或人物原型的小说；该概念必须对主线或用户选择结果具有实质影响。,"[""mother-in-law"",""Mother-in-Law""]","[""婆媳关系"",""mother-in-law"",""Mother-in-Law""]","[""主线明确体现“婆媳关系”（来源别名：Mother-in-Law）的作品。""]","[""仅在标题或简介中偶然提及“婆媳关系”、但不影响主要情节或筛选期待的作品。""]",topic,candidate,[49],[]
ct-v1-mutual-first-experience-review,mutual-first-experience-review,双方初次性经历,候选检索项：核心恋爱双方均为初次性经历，且这一设定对关系推进或用户筛选预期有实质影响；该概念仍处于低价值与敏感性人工复核。,"[""both-virgin"",""Both Virgin""]","[""双方初次性经历"",""both-virgin"",""Both Virgin""]","[""简介或可靠结构化证据明确说明恋爱双方都是彼此或人生中的初次性经历。""]","[""只明确一方无性经历、仅泛称纯爱，或无法确认双方状态的作品。""]",topic,human_review,[108],"[""OC-LV-01""]"
ct-v1-office-romance,office-romance,职场恋爱,检索核心恋爱关系在工作场所或职业合作关系中形成并持续推进的小说。,"[""office-romance"",""Office Romance""]","[""职场恋爱"",""office-romance"",""Office Romance""]","[""老板与助理、同事或职业合作伙伴之间的恋爱是主线。""]","[""仅有办公室场景或纯职场竞争、没有核心恋爱关系的作品。""]",topic,human_review,[31],"[""OC-REV-01""]"
ct-v1-office-tension,office-tension,职场张力,检索以职场竞争、权力不对等、伦理冲突或敌对合作为核心张力的小说；恋爱不是必要条件。,"[""office-tension"",""Office Tension""]","[""职场张力"",""office-tension"",""Office Tension""]","[""主线由同事、上下级或商业对手之间的职场冲突推动。""]","[""只有恋爱发生在办公室、但职场冲突不构成主要阅读期待的作品。""]",topic,human_review,[3],"[""OC-REV-01""]"
ct-v1-older-adult-romance,older-adult-romance,中老年恋爱,用于检索以“中老年恋爱”为核心题材、设定或人物原型的小说；该概念必须对主线或用户选择结果具有实质影响。,"[""silver-hair-romance"",""Silver Hair Romance""]","[""中老年恋爱"",""silver-hair-romance"",""Silver Hair Romance""]","[""主线明确体现“中老年恋爱”（来源别名：Silver Hair Romance）的作品。""]","[""仅在标题或简介中偶然提及“中老年恋爱”、但不影响主要情节或筛选期待的作品。""]",topic,candidate,[65],[]
ct-v1-one-night-stand,one-night-stand,一夜情,用于检索以“一夜情”为核心题材、设定或人物原型的小说；该概念必须对主线或用户选择结果具有实质影响。,"[""one-night-stand"",""One-night stand""]","[""一夜情"",""one-night-stand"",""One-night stand""]","[""主线明确体现“一夜情”（来源别名：One-night stand）的作品。""]","[""仅在标题或简介中偶然提及“一夜情”、但不影响主要情节或筛选期待的作品。""]",topic,candidate,[88],[]
ct-v1-playboy,playboy,花花公子,用于检索以“花花公子”为核心题材、设定或人物原型的小说；该概念必须对主线或用户选择结果具有实质影响。,"[""playboy"",""Playboy""]","[""花花公子"",""playboy"",""Playboy""]","[""主线明确体现“花花公子”（来源别名：Playboy）的作品。""]","[""仅在标题或简介中偶然提及“花花公子”、但不影响主要情节或筛选期待的作品。""]",topic,candidate,[146],[]
ct-v1-power-dynamics-review,power-dynamics-review,权力博弈,候选检索项：以政治、商业、组织或亲密关系中的权力博弈为核心冲突；该词多义，仍处于定义人工复核。,"[""power-play"",""Power Play""]","[""权力博弈"",""power-play"",""Power Play""]","[""权力获取、控制、谈判或地位对抗持续推动主线，且具体语境可以确认。""]","[""只有普通争吵、一次性强势行为，或无法区分政治商业权斗与成人权力交换语境的作品。""]",topic,human_review,[52],"[""OC-LV-02""]"
ct-v1-pregnancy,pregnancy,孕期,用于检索以“孕期”为核心题材、设定或人物原型的小说；该概念必须对主线或用户选择结果具有实质影响。,"[""pregnant"",""Pregnant""]","[""孕期"",""pregnant"",""Pregnant""]","[""主线明确体现“孕期”（来源别名：Pregnant）的作品。""]","[""仅在标题或简介中偶然提及“孕期”、但不影响主要情节或筛选期待的作品。""]",topic,candidate,[83],[]
ct-v1-princess,princess,公主,用于检索以“公主”为核心题材、设定或人物原型的小说；该概念必须对主线或用户选择结果具有实质影响。,"[""princess"",""Princess""]","[""公主"",""princess"",""Princess""]","[""主线明确体现“公主”（来源别名：Princess）的作品。""]","[""仅在标题或简介中偶然提及“公主”、但不影响主要情节或筛选期待的作品。""]",topic,candidate,[20],[]
ct-v1-rebirth,rebirth,重生,用于检索以“重生”为核心题材、设定或人物原型的小说；该概念必须对主线或用户选择结果具有实质影响。,"[""rebirth"",""Rebirth""]","[""重生"",""rebirth"",""Rebirth""]","[""主线明确体现“重生”（来源别名：Rebirth）的作品。""]","[""仅在标题或简介中偶然提及“重生”、但不影响主要情节或筛选期待的作品。""]",topic,candidate,[28],"[""OC-SEP-06""]"
ct-v1-redemption,redemption,救赎,用于检索以“救赎”为核心题材、设定或人物原型的小说；该概念必须对主线或用户选择结果具有实质影响。,"[""redemption"",""Redemption""]","[""救赎"",""redemption"",""Redemption""]","[""主线明确体现“救赎”（来源别名：Redemption）的作品。""]","[""仅在标题或简介中偶然提及“救赎”、但不影响主要情节或筛选期待的作品。""]",topic,candidate,[130],[]
ct-v1-regret,regret,追悔,用于检索以“追悔”为核心题材、设定或人物原型的小说；该概念必须对主线或用户选择结果具有实质影响。,"[""regret"",""Regret""]","[""追悔"",""regret"",""Regret""]","[""主线明确体现“追悔”（来源别名：Regret）的作品。""]","[""仅在标题或简介中偶然提及“追悔”、但不影响主要情节或筛选期待的作品。""]",topic,candidate,[107],[]
ct-v1-rekindled-love,rekindled-love,破镜重圆,用于检索以“破镜重圆”为核心题材、设定或人物原型的小说；该概念必须对主线或用户选择结果具有实质影响。,"[""another-chance"",""Another chance"",""rekindled-love"",""Rekindled Love""]","[""破镜重圆"",""another-chance"",""Another chance"",""rekindled-love"",""Rekindled Love""]","[""主线明确体现“破镜重圆”（来源别名：Another chance / Rekindled Love）的作品。""]","[""仅在标题或简介中偶然提及“破镜重圆”、但不影响主要情节或筛选期待的作品。""]",topic,candidate,"[42,117]","[""OC-MRG-02""]"
ct-v1-return-of-the-war-god,return-of-the-war-god,战神归来,用于检索以“战神归来”为核心题材、设定或人物原型的小说；该概念必须对主线或用户选择结果具有实质影响。,"[""return-of-the-war-god"",""Return of the War God""]","[""战神归来"",""return-of-the-war-god"",""Return of the War God""]","[""主线明确体现“战神归来”（来源别名：Return of the War God）的作品。""]","[""仅在标题或简介中偶然提及“战神归来”、但不影响主要情节或筛选期待的作品。""]",topic,candidate,[132],"[""OC-SEP-10""]"
ct-v1-revenge,revenge,复仇,用于检索以“复仇”为核心题材、设定或人物原型的小说；该概念必须对主线或用户选择结果具有实质影响。,"[""revenge-arc"",""Revenge Arc"",""revenge"",""Revenge""]","[""复仇"",""revenge-arc"",""Revenge Arc"",""revenge"",""Revenge""]","[""主线明确体现“复仇”（来源别名：Revenge Arc / Revenge）的作品。""]","[""仅在标题或简介中偶然提及“复仇”、但不影响主要情节或筛选期待的作品。""]",topic,candidate,"[10,12]","[""OC-SEP-04""]"
ct-v1-romance,romance,言情,用于检索以“言情”为核心题材、设定或人物原型的小说；该概念必须对主线或用户选择结果具有实质影响。,"[""romance"",""Romance""]","[""言情"",""romance"",""Romance""]","[""主线明确体现“言情”（来源别名：Romance）的作品。""]","[""仅在标题或简介中偶然提及“言情”、但不影响主要情节或筛选期待的作品。""]",topic,candidate,[14],[]
ct-v1-royalty,royalty,王室,用于检索以“王室”为核心题材、设定或人物原型的小说；该概念必须对主线或用户选择结果具有实质影响。,"[""royal"",""Royal""]","[""王室"",""royal"",""Royal""]","[""主线明确体现“王室”（来源别名：Royal）的作品。""]","[""仅在标题或简介中偶然提及“王室”、但不影响主要情节或筛选期待的作品。""]",topic,candidate,[100],[]
ct-v1-science-fiction,science-fiction,科幻,检索以科学、技术、宇宙、人工智能或推演性世界规则为核心设定的科幻小说，不限定发生时代。,"[""sci-fi-world"",""Sci-Fi World""]","[""科幻"",""sci-fi-world"",""Sci-Fi World""]","[""科技或科学推演对主要冲突和世界规则具有实质影响。""]","[""只有未来字样但缺乏科幻机制的作品；纯奇幻或仅角色来自未来的古代故事。""]",topic,human_review,[85],"[""OC-REV-02""]"
ct-v1-secret-baby,secret-baby,隐秘萌宝,用于检索以“隐秘萌宝”为核心题材、设定或人物原型的小说；该概念必须对主线或用户选择结果具有实质影响。,"[""secret-baby"",""Secret Baby""]","[""隐秘萌宝"",""secret-baby"",""Secret Baby""]","[""主线明确体现“隐秘萌宝”（来源别名：Secret Baby）的作品。""]","[""仅在标题或简介中偶然提及“隐秘萌宝”、但不影响主要情节或筛选期待的作品。""]",topic,candidate,[5],[]
ct-v1-secretary,secretary,秘书,用于检索以“秘书”为核心题材、设定或人物原型的小说；该概念必须对主线或用户选择结果具有实质影响。,"[""secretary"",""Secretary""]","[""秘书"",""secretary"",""Secretary""]","[""主线明确体现“秘书”（来源别名：Secretary）的作品。""]","[""仅在标题或简介中偶然提及“秘书”、但不影响主要情节或筛选期待的作品。""]",topic,candidate,[79],[]
ct-v1-security-guard,security-guard,保安,用于检索以“保安”为核心题材、设定或人物原型的小说；该概念必须对主线或用户选择结果具有实质影响。,"[""security-guard"",""Security guard""]","[""保安"",""security-guard"",""Security guard""]","[""主线明确体现“保安”（来源别名：Security guard）的作品。""]","[""仅在标题或简介中偶然提及“保安”、但不影响主要情节或筛选期待的作品。""]",topic,candidate,[17],[]
ct-v1-single-mom-escape,single-mom-escape,带娃逃离,用于检索以“带娃逃离”为核心题材、设定或人物原型的小说；该概念必须对主线或用户选择结果具有实质影响。,"[""single-mom-escape"",""Single Mom Escape""]","[""带娃逃离"",""single-mom-escape"",""Single Mom Escape""]","[""主线明确体现“带娃逃离”（来源别名：Single Mom Escape）的作品。""]","[""仅在标题或简介中偶然提及“带娃逃离”、但不影响主要情节或筛选期待的作品。""]",topic,candidate,[129],"[""OC-SEP-03""]"
ct-v1-single-mother,single-mother,单亲妈妈,用于检索以“单亲妈妈”为核心题材、设定或人物原型的小说；该概念必须对主线或用户选择结果具有实质影响。,"[""single-mother"",""Single Mother""]","[""单亲妈妈"",""single-mother"",""Single Mother""]","[""主线明确体现“单亲妈妈”（来源别名：Single Mother）的作品。""]","[""仅在标题或简介中偶然提及“单亲妈妈”、但不影响主要情节或筛选期待的作品。""]",topic,candidate,[136],"[""OC-SEP-03""]"
ct-v1-son-in-law-comeback,son-in-law-comeback,赘婿逆袭,用于检索以“赘婿逆袭”为核心题材、设定或人物原型的小说；该概念必须对主线或用户选择结果具有实质影响。,"[""son-in-laws-turnaround"",""Son in Law's Turnaround""]","[""赘婿逆袭"",""son-in-laws-turnaround"",""Son in Law's Turnaround""]","[""主线明确体现“赘婿逆袭”（来源别名：Son in Law's Turnaround）的作品。""]","[""仅在标题或简介中偶然提及“赘婿逆袭”、但不影响主要情节或筛选期待的作品。""]",topic,candidate,[111],[]
ct-v1-soul-swap,soul-swap,灵魂互换,用于检索以“灵魂互换”为核心题材、设定或人物原型的小说；该概念必须对主线或用户选择结果具有实质影响。,"[""soul-swap"",""Soul Swap""]","[""灵魂互换"",""soul-swap"",""Soul Swap""]","[""主线明确体现“灵魂互换”（来源别名：Soul Swap）的作品。""]","[""仅在标题或简介中偶然提及“灵魂互换”、但不影响主要情节或筛选期待的作品。""]",topic,candidate,[25],[]
ct-v1-split:time-travel+rebirth,split:time-travel+rebirth,拆分：穿越 + 重生,用于检索以“拆分：穿越 + 重生”为核心题材、设定或人物原型的小说；该概念必须对主线或用户选择结果具有实质影响。,"[""time-travel-rebirth"",""Time Travel & Rebirth""]","[""拆分：穿越 + 重生"",""time-travel-rebirth"",""Time Travel & Rebirth""]","[""主线明确体现“拆分：穿越 + 重生”（来源别名：Time Travel & Rebirth）的作品。""]","[""仅在标题或简介中偶然提及“拆分：穿越 + 重生”、但不影响主要情节或筛选期待的作品。""]",topic,candidate,[11],[]
ct-v1-student,student,学生,候选检索项：以学生身份及其学业、成长与社会关系为核心人物属性的小说；学生身份必须持续影响主线。,"[""student"",""Student""]","[""学生"",""student"",""Student""]","[""主角或核心人物长期处于中学、大学或其他教育阶段，学业、同学或师生关系推动主线。""]","[""故事仅发生在校园空间，或仅短暂提及角色是学生，但学生身份不影响主要情节的作品。""]",topic,human_review,[143],"[""OC-REV-03""]"
ct-v1-substitute,substitute,替身,用于检索以“替身”为核心题材、设定或人物原型的小说；该概念必须对主线或用户选择结果具有实质影响。,"[""substitute"",""Substitute""]","[""替身"",""substitute"",""Substitute""]","[""主线明确体现“替身”（来源别名：Substitute）的作品。""]","[""仅在标题或简介中偶然提及“替身”、但不影响主要情节或筛选期待的作品。""]",topic,candidate,[13],"[""OC-SEP-01""]"
ct-v1-substitute-marriage,substitute-marriage,替嫁,用于检索以“替嫁”为核心题材、设定或人物原型的小说；该概念必须对主线或用户选择结果具有实质影响。,"[""marriage-substitute"",""Marriage Substitute""]","[""替嫁"",""marriage-substitute"",""Marriage Substitute""]","[""主线明确体现“替嫁”（来源别名：Marriage Substitute）的作品。""]","[""仅在标题或简介中偶然提及“替嫁”、但不影响主要情节或筛选期待的作品。""]",topic,candidate,[60],"[""OC-SEP-01""]"
ct-v1-sudden-wealth,sudden-wealth,突然暴富,用于检索以“突然暴富”为核心题材、设定或人物原型的小说；该概念必须对主线或用户选择结果具有实质影响。,"[""sudden-wealth"",""Sudden Wealth""]","[""突然暴富"",""sudden-wealth"",""Sudden Wealth""]","[""主线明确体现“突然暴富”（来源别名：Sudden Wealth）的作品。""]","[""仅在标题或简介中偶然提及“突然暴富”、但不影响主要情节或筛选期待的作品。""]",topic,candidate,[93],[]
ct-v1-superpowers,superpowers,超能力,用于检索以“超能力”为核心题材、设定或人物原型的小说；该概念必须对主线或用户选择结果具有实质影响。,"[""superpowers"",""Superpowers""]","[""超能力"",""superpowers"",""Superpowers""]","[""主线明确体现“超能力”（来源别名：Superpowers）的作品。""]","[""仅在标题或简介中偶然提及“超能力”、但不影响主要情节或筛选期待的作品。""]",topic,candidate,[50],[]
ct-v1-suspense,suspense,悬疑,用于检索以“悬疑”为核心题材、设定或人物原型的小说；该概念必须对主线或用户选择结果具有实质影响。,"[""mystery-suspense"",""Mystery & Suspense"",""suspense"",""Suspense"",""suspense-thriller"",""Suspense & Thriller""]","[""悬疑"",""mystery-suspense"",""Mystery & Suspense"",""suspense"",""Suspense"",""suspense-thriller"",""Suspense & Thriller""]","[""主线明确体现“悬疑”（来源别名：Mystery & Suspense / Suspense / Suspense & Thriller）的作品。""]","[""仅在标题或简介中偶然提及“悬疑”、但不影响主要情节或筛选期待的作品。""]",topic,candidate,"[22,119,126]","[""OC-MRG-03""]"
ct-v1-sweetness,sweetness,甜宠,用于检索以“甜宠”为核心题材、设定或人物原型的小说；该概念必须对主线或用户选择结果具有实质影响。,"[""sweetness"",""Sweetness""]","[""甜宠"",""sweetness"",""Sweetness""]","[""主线明确体现“甜宠”（来源别名：Sweetness）的作品。""]","[""仅在标题或简介中偶然提及“甜宠”、但不影响主要情节或筛选期待的作品。""]",topic,candidate,[106],[]
ct-v1-system-fantasy,system-fantasy,系统流,用于检索以“系统流”为核心题材、设定或人物原型的小说；该概念必须对主线或用户选择结果具有实质影响。,"[""otherworldly-system"",""Otherworldly system""]","[""系统流"",""otherworldly-system"",""Otherworldly system""]","[""主线明确体现“系统流”（来源别名：Otherworldly system）的作品。""]","[""仅在标题或简介中偶然提及“系统流”、但不影响主要情节或筛选期待的作品。""]",topic,candidate,[59],[]
ct-v1-tearjerker,tearjerker,催泪,用于检索以“催泪”为核心题材、设定或人物原型的小说；该概念必须对主线或用户选择结果具有实质影响。,"[""tearjerker"",""Tearjerker""]","[""催泪"",""tearjerker"",""Tearjerker""]","[""主线明确体现“催泪”（来源别名：Tearjerker）的作品。""]","[""仅在标题或简介中偶然提及“催泪”、但不影响主要情节或筛选期待的作品。""]",topic,candidate,[43],[]
ct-v1-time-loop,time-loop,时间循环,用于检索以“时间循环”为核心题材、设定或人物原型的小说；该概念必须对主线或用户选择结果具有实质影响。,"[""time-loop"",""Time Loop""]","[""时间循环"",""time-loop"",""Time Loop""]","[""主线明确体现“时间循环”（来源别名：Time Loop）的作品。""]","[""仅在标题或简介中偶然提及“时间循环”、但不影响主要情节或筛选期待的作品。""]",topic,candidate,[9],"[""OC-SEP-06""]"
ct-v1-time-travel,time-travel,穿越,用于检索以“穿越”为核心题材、设定或人物原型的小说；该概念必须对主线或用户选择结果具有实质影响。,"[""time-travel"",""Time Travel""]","[""穿越"",""time-travel"",""Time Travel""]","[""主线明确体现“穿越”（来源别名：Time Travel）的作品。""]","[""仅在标题或简介中偶然提及“穿越”、但不影响主要情节或筛选期待的作品。""]",topic,candidate,[38],"[""OC-SEP-06""]"
ct-v1-tragic-ending,tragic-ending,悲剧结局,用于检索以“悲剧结局”为核心ending 筛选属性的小说；该概念必须对主线或用户选择结果具有实质影响。,"[""be"",""BE""]","[""悲剧结局"",""be"",""BE""]","[""主线明确体现“悲剧结局”（来源别名：BE）的作品。""]","[""仅在标题或简介中偶然提及“悲剧结局”、但不影响主要情节或筛选期待的作品。""]",ending,candidate,[140],[]
ct-v1-unrequited-love,unrequited-love,单恋,用于检索以“单恋”为核心题材、设定或人物原型的小说；该概念必须对主线或用户选择结果具有实质影响。,"[""unrequited-love"",""Unrequited Love""]","[""单恋"",""unrequited-love"",""Unrequited Love""]","[""主线明确体现“单恋”（来源别名：Unrequited Love）的作品。""]","[""仅在标题或简介中偶然提及“单恋”、但不影响主要情节或筛选期待的作品。""]",topic,candidate,[48],[]
ct-v1-urban-hero,urban-hero,都市英雄,用于检索以“都市英雄”为核心题材、设定或人物原型的小说；该概念必须对主线或用户选择结果具有实质影响。,"[""urban-hero"",""Urban Hero""]","[""都市英雄"",""urban-hero"",""Urban Hero""]","[""主线明确体现“都市英雄”（来源别名：Urban Hero）的作品。""]","[""仅在标题或简介中偶然提及“都市英雄”、但不影响主要情节或筛选期待的作品。""]",topic,candidate,[54],[]
ct-v1-urban-setting,urban-setting,都市背景,用于检索以“都市背景”为核心setting 筛选属性的小说；该概念必须对主线或用户选择结果具有实质影响。,"[""urban"",""Urban""]","[""都市背景"",""urban"",""Urban""]","[""主线明确体现“都市背景”（来源别名：Urban）的作品。""]","[""仅在标题或简介中偶然提及“都市背景”、但不影响主要情节或筛选期待的作品。""]",setting,candidate,[102],"[""OC-SEP-02""]"
ct-v1-vampire,vampire,吸血鬼,用于检索以“吸血鬼”为核心题材、设定或人物原型的小说；该概念必须对主线或用户选择结果具有实质影响。,"[""vampire"",""Vampire""]","[""吸血鬼"",""vampire"",""Vampire""]","[""主线明确体现“吸血鬼”（来源别名：Vampire）的作品。""]","[""仅在标题或简介中偶然提及“吸血鬼”、但不影响主要情节或筛选期待的作品。""]",topic,candidate,[82],[]
ct-v1-village-life,village-life,乡村生活,用于检索以“乡村生活”为核心题材、设定或人物原型的小说；该概念必须对主线或用户选择结果具有实质影响。,"[""village-life"",""Village Life""]","[""乡村生活"",""village-life"",""Village Life""]","[""主线明确体现“乡村生活”（来源别名：Village Life）的作品。""]","[""仅在标题或简介中偶然提及“乡村生活”、但不影响主要情节或筛选期待的作品。""]",topic,candidate,[138],[]
ct-v1-warrior-protagonist,warrior-protagonist,战士主角,用于检索以“战士主角”为核心题材、设定或人物原型的小说；该概念必须对主线或用户选择结果具有实质影响。,"[""warriors"",""Warriors""]","[""战士主角"",""warriors"",""Warriors""]","[""主线明确体现“战士主角”（来源别名：Warriors）的作品。""]","[""仅在标题或简介中偶然提及“战士主角”、但不影响主要情节或筛选期待的作品。""]",topic,candidate,[30],"[""OC-SEP-10""]"
ct-v1-wealthy-ceo,wealthy-ceo,豪门总裁,用于检索以“豪门总裁”为核心题材、设定或人物原型的小说；该概念必须对主线或用户选择结果具有实质影响。,"[""billionaire-heir"",""Billionaire Heir"",""billionaires"",""Billionaires"",""ceo"",""CEO""]","[""豪门总裁"",""billionaire-heir"",""Billionaire Heir"",""billionaires"",""Billionaires"",""ceo"",""CEO""]","[""主线明确体现“豪门总裁”（来源别名：Billionaire Heir / Billionaires / CEO）的作品。""]","[""仅在标题或简介中偶然提及“豪门总裁”、但不影响主要情节或筛选期待的作品。""]",topic,candidate,"[8,95,121]","[""OC-MRG-07""]"
ct-v1-werewolf,werewolf,狼人,用于检索以“狼人”为核心题材、设定或人物原型的小说；该概念必须对主线或用户选择结果具有实质影响。,"[""werewolf"",""Werewolf""]","[""狼人"",""werewolf"",""Werewolf""]","[""主线明确体现“狼人”（来源别名：Werewolf）的作品。""]","[""仅在标题或简介中偶然提及“狼人”、但不影响主要情节或筛选期待的作品。""]",topic,candidate,[94],"[""OC-SEP-08""]"
ct-v1-werewolf-alpha,werewolf-alpha,Alpha（狼人首领）,用于检索以“Alpha（狼人首领）”为核心题材、设定或人物原型的小说；该概念必须对主线或用户选择结果具有实质影响。,"[""alpha"",""Alpha""]","[""Alpha（狼人首领）"",""alpha"",""Alpha""]","[""主线明确体现“Alpha（狼人首领）”（来源别名：Alpha）的作品。""]","[""仅在标题或简介中偶然提及“Alpha（狼人首领）”、但不影响主要情节或筛选期待的作品。""]",topic,candidate,[41],"[""OC-SEP-08""]"
ct-v1-werewolf-luna,werewolf-luna,Luna（狼人女首领）,用于检索以“Luna（狼人女首领）”为核心题材、设定或人物原型的小说；该概念必须对主线或用户选择结果具有实质影响。,"[""luna"",""Luna""]","[""Luna（狼人女首领）"",""luna"",""Luna""]","[""主线明确体现“Luna（狼人女首领）”（来源别名：Luna）的作品。""]","[""仅在标题或简介中偶然提及“Luna（狼人女首领）”、但不影响主要情节或筛选期待的作品。""]",topic,candidate,[15],"[""OC-SEP-08""]"
ct-v1-western-fantasy,western-fantasy,西方奇幻,用于检索以“西方奇幻”为核心题材、设定或人物原型的小说；该概念必须对主线或用户选择结果具有实质影响。,"[""western-fantasy"",""Western Fantasy""]","[""西方奇幻"",""western-fantasy"",""Western Fantasy""]","[""主线明确体现“西方奇幻”（来源别名：Western Fantasy）的作品。""]","[""仅在标题或简介中偶然提及“西方奇幻”、但不影响主要情节或筛选期待的作品。""]",topic,candidate,[145],[]
ct-v1-whirlwind-marriage,whirlwind-marriage,闪婚,用于检索以“闪婚”为核心题材、设定或人物原型的小说；该概念必须对主线或用户选择结果具有实质影响。,"[""whirlwind-marriage"",""Whirlwind Marriage""]","[""闪婚"",""whirlwind-marriage"",""Whirlwind Marriage""]","[""主线明确体现“闪婚”（来源别名：Whirlwind Marriage）的作品。""]","[""仅在标题或简介中偶然提及“闪婚”、但不影响主要情节或筛选期待的作品。""]",topic,candidate,[135],"[""OC-SEP-05""]"
ct-v1-win-back-the-husband,win-back-the-husband,挽回丈夫,用于检索以“挽回丈夫”为核心题材、设定或人物原型的小说；该概念必须对主线或用户选择结果具有实质影响。,"[""win-back-the-husband"",""Win Back The Husband""]","[""挽回丈夫"",""win-back-the-husband"",""Win Back The Husband""]","[""主线明确体现“挽回丈夫”（来源别名：Win Back The Husband）的作品。""]","[""仅在标题或简介中偶然提及“挽回丈夫”、但不影响主要情节或筛选期待的作品。""]",topic,candidate,[101],[]
ct-v1-young-adult,young-adult,青少年,用于检索以“青少年”为核心audience 筛选属性的小说；该概念必须对主线或用户选择结果具有实质影响。,"[""teenagers"",""Teenagers""]","[""青少年"",""teenagers"",""Teenagers""]","[""主线明确体现“青少年”（来源别名：Teenagers）的作品。""]","[""仅在标题或简介中偶然提及“青少年”、但不影响主要情节或筛选期待的作品。""]",audience,candidate,[19],[]
