request,utc,curlExit,http,seconds
1,2026-10-07T09:41:53.036748+00:00,0,429,0.969711
2,2026-10-07T09:41:54.561647+00:00,0,200,2.493274
3,2026-10-07T09:41:54.577693+00:00,0,200,2.509697
4,2026-10-07T09:41:54.565441+00:00,0,200,2.501286
5,2026-10-07T09:41:54.574474+00:00,0,200,2.511401
6,2026-10-07T09:41:53.055816+00:00,0,429,0.991221
7,2026-10-07T09:41:53.130034+00:00,0,429,1.054853
8,2026-10-07T09:41:53.046424+00:00,0,429,0.958825
9,2026-10-07T09:41:53.130110+00:00,0,429,1.058062
10,2026-10-07T09:41:53.035576+00:00,0,429,0.951098
11,2026-10-07T09:41:53.037651+00:00,0,429,0.960327
12,2026-10-07T09:41:54.561970+00:00,0,200,2.490312
13,2026-10-07T09:41:53.036526+00:00,0,429,0.95706
14,2026-10-07T09:41:53.046851+00:00,0,429,0.976039
15,2026-10-07T09:41:54.577772+00:00,0,200,2.506904
16,2026-10-07T09:41:53.047560+00:00,0,429,0.967073
17,2026-10-07T09:41:54.572324+00:00,0,200,2.509139
18,2026-10-07T09:41:54.577864+00:00,0,200,2.503076
19,2026-10-07T09:41:54.534008+00:00,0,200,2.452757
20,2026-10-07T09:41:54.537083+00:00,0,200,2.453579
21,2026-10-07T09:41:53.931994+00:00,0,429,0.874184
22,2026-10-07T09:41:54.028282+00:00,0,429,0.971705
23,2026-10-07T09:41:53.957841+00:00,0,429,0.903064
24,2026-10-07T09:41:53.937374+00:00,0,429,0.881473
25,2026-10-07T09:41:54.072174+00:00,0,429,1.01291
26,2026-10-07T09:41:54.035374+00:00,0,429,0.976184
27,2026-10-07T09:41:54.030578+00:00,0,429,0.968943
28,2026-10-07T09:41:54.039388+00:00,0,429,0.972927
29,2026-10-07T09:41:54.050513+00:00,0,429,0.909646
30,2026-10-07T09:41:54.058617+00:00,0,429,0.917777
31,2026-10-07T09:41:55.984929+00:00,0,200,2.034386
32,2026-10-07T09:41:55.879544+00:00,0,200,1.923479
33,2026-10-07T09:41:56.618832+00:00,0,200,2.64859
34,2026-10-07T09:41:56.485208+00:00,0,200,2.43588
35,2026-10-07T09:41:56.485005+00:00,0,200,2.438073
36,2026-10-07T09:41:56.480167+00:00,0,200,2.431616
37,2026-10-07T09:41:56.485311+00:00,0,200,2.427999
38,2026-10-07T09:41:56.506615+00:00,0,200,2.44579
39,2026-10-07T09:41:56.502127+00:00,0,200,2.433394
40,2026-10-07T09:41:56.513590+00:00,0,200,2.431795
41,2026-10-07T09:41:55.536518+00:00,0,429,0.987578
42,2026-10-07T09:41:55.507035+00:00,0,429,0.956528
43,2026-10-07T09:41:55.492422+00:00,0,429,0.916184
44,2026-10-07T09:41:55.537966+00:00,0,429,0.96363
45,2026-10-07T09:41:55.504394+00:00,0,429,0.928765
46,2026-10-07T09:41:55.545742+00:00,0,429,0.962479
47,2026-10-07T09:41:55.531893+00:00,0,429,0.947123
48,2026-10-07T09:41:55.518059+00:00,0,429,0.931346
49,2026-10-07T09:41:55.520419+00:00,0,429,0.931661
50,2026-10-07T09:41:55.513208+00:00,0,429,0.925778
51,2026-10-07T09:41:58.002651+00:00,0,200,2.490534
52,2026-10-07T09:41:58.007321+00:00,0,200,2.490667
53,2026-10-07T09:41:57.686993+00:00,0,200,2.168632
54,2026-10-07T09:41:57.113479+00:00,0,200,1.588845
55,2026-10-07T09:41:57.248381+00:00,0,429,1.718082
56,2026-10-07T09:41:57.672904+00:00,0,200,2.135792
57,2026-10-07T09:41:57.943184+00:00,0,200,2.4009
58,2026-10-07T09:41:57.854187+00:00,0,200,2.303785
59,2026-10-07T09:41:58.268353+00:00,0,200,2.72083
60,2026-10-07T09:41:57.678852+00:00,0,200,2.123661
61,2026-10-07T09:41:58.072210+00:00,0,200,2.177121
62,2026-10-07T09:41:58.264329+00:00,0,200,2.262227
63,2026-10-07T09:41:58.373649+00:00,0,200,1.873994
64,2026-10-07T09:41:58.374416+00:00,0,200,1.872434
65,2026-10-07T09:41:58.377310+00:00,0,200,1.87336
66,2026-10-07T09:41:57.396623+00:00,0,429,0.892976
67,2026-10-07T09:41:57.426582+00:00,0,429,0.913669
68,2026-10-07T09:41:57.389431+00:00,0,429,0.871092
69,2026-10-07T09:41:57.421606+00:00,0,429,0.899387
70,2026-10-07T09:41:58.402926+00:00,0,200,1.771176
71,2026-10-07T09:41:58.391601+00:00,0,200,1.264307
72,2026-10-07T09:41:58.558392+00:00,0,200,1.291847
73,2026-10-07T09:41:59.070726+00:00,0,200,1.665191
74,2026-10-07T09:41:59.050482+00:00,0,200,1.640215
75,2026-10-07T09:41:59.079251+00:00,0,200,1.647093
76,2026-10-07T09:41:59.054992+00:00,0,200,1.617288
77,2026-10-07T09:41:59.423811+00:00,0,200,1.733644
78,2026-10-07T09:41:59.491995+00:00,0,200,1.79957
79,2026-10-07T09:41:59.495512+00:00,0,200,1.796947
80,2026-10-07T09:41:59.596160+00:00,0,200,1.725765
81,2026-10-07T09:41:59.755474+00:00,0,200,1.799847
82,2026-10-07T09:41:59.849599+00:00,0,200,1.83436
83,2026-10-07T09:41:59.868510+00:00,0,200,1.850686
84,2026-10-07T09:42:00.154099+00:00,0,200,2.069298
85,2026-10-07T09:42:00.155251+00:00,0,200,1.873216
86,2026-10-07T09:42:00.158794+00:00,0,200,1.876951
87,2026-10-07T09:42:00.158692+00:00,0,200,1.768341
88,2026-10-07T09:42:00.158527+00:00,0,200,1.767945
89,2026-10-07T09:42:00.167894+00:00,0,200,1.776921
90,2026-10-07T09:42:00.165907+00:00,0,200,1.762206
91,2026-10-07T09:41:59.332027+00:00,0,429,0.917706
92,2026-10-07T09:41:59.507340+00:00,0,429,0.931884
93,2026-10-07T09:42:00.901581+00:00,0,200,1.835642
94,2026-10-07T09:42:00.768031+00:00,0,200,1.700561
95,2026-10-07T09:42:00.884379+00:00,0,200,1.801953
96,2026-10-07T09:42:00.881834+00:00,0,200,1.785778
97,2026-10-07T09:42:01.170010+00:00,0,200,1.82128
98,2026-10-07T09:42:01.190240+00:00,0,200,1.746859
99,2026-10-07T09:42:01.212989+00:00,0,200,1.70733
100,2026-10-07T09:42:01.214619+00:00,0,200,1.708145
